Date/Time,Environment:Site Outdoor Air Drybulb Temperature [C](Hourly),Environment:Site Outdoor Air Humidity Ratio [kgWater/kgDryAir](Hourly),Environment:Site Outdoor Air Relative Humidity [%](Hourly),CORE_BOTTOM:Zone Mean Air Temperature [C](Hourly),CORE_MID:Zone Mean Air Temperature [C](Hourly),CORE_TOP:Zone Mean Air Temperature [C](Hourly),FIRSTFLOOR_PLENUM:Zone Mean Air Temperature [C](Hourly),MIDFLOOR_PLENUM:Zone Mean Air Temperature [C](Hourly),PERIMETER_BOT_ZN_1:Zone Mean Air Temperature [C](Hourly),PERIMETER_BOT_ZN_2:Zone Mean Air Temperature [C](Hourly),PERIMETER_BOT_ZN_3:Zone Mean Air Temperature [C](Hourly),PERIMETER_BOT_ZN_4:Zone Mean Air Temperature [C](Hourly),PERIMETER_MID_ZN_1:Zone Mean Air Temperature [C](Hourly),PERIMETER_MID_ZN_2:Zone Mean Air Temperature [C](Hourly),PERIMETER_MID_ZN_3:Zone Mean Air Temperature [C](Hourly),PERIMETER_MID_ZN_4:Zone Mean Air Temperature [C](Hourly),PERIMETER_TOP_ZN_1:Zone Mean Air Temperature [C](Hourly),PERIMETER_TOP_ZN_2:Zone Mean Air Temperature [C](Hourly),PERIMETER_TOP_ZN_3:Zone Mean Air Temperature [C](Hourly),PERIMETER_TOP_ZN_4:Zone Mean Air Temperature [C](Hourly),TOPFLOOR_PLENUM:Zone Mean Air Temperature [C](Hourly),SWHSYS1:Plant System Cycle On Off Status [](Hourly),SWHSYS1:Plant Supply Side Heating Demand Rate [W](Hourly),SWHSYS1:Plant Supply Side Inlet Mass Flow Rate [kg/s](Hourly),SWHSYS1:Plant Supply Side Inlet Temperature [C](Hourly),SWHSYS1:Plant Supply Side Outlet Temperature [C](Hourly),SWHSYS1:Plant Supply Side Unmet Demand Rate [W](Hourly),VAV_1:Air System Simulation Cycle On Off Status [](Hourly),VAV_2:Air System Simulation Cycle On Off Status [](Hourly),VAV_3:Air System Simulation Cycle On Off Status [](Hourly),VAV_1:Air System Outdoor Air Economizer Status [](Hourly),VAV_1:Air System Outdoor Air Flow Fraction [](Hourly),VAV_2:Air System Outdoor Air Economizer Status [](Hourly),VAV_2:Air System Outdoor Air Flow Fraction [](Hourly),VAV_3:Air System Outdoor Air Economizer Status [](Hourly),VAV_3:Air System Outdoor Air Flow Fraction [](Hourly),VAV FAN CURVE:Performance Curve Input Variable 1 Value [](Each Call),VAV FAN CURVE:Performance Curve Output Value [](Each Call),VAV_1:Air System Total Heating Energy [J](Hourly),VAV_1:Air System Total Cooling Energy [J](Hourly),VAV_1:Air System Fan Electricity Energy [J](Hourly),VAV_1:Air System Heating Coil Hot Water Energy [J](Hourly),VAV_2:Air System Total Heating Energy [J](Hourly),VAV_2:Air System Total Cooling Energy [J](Hourly),VAV_2:Air System Fan Electricity Energy [J](Hourly),VAV_2:Air System Heating Coil Hot Water Energy [J](Hourly),VAV_3:Air System Total Heating Energy [J](Hourly),VAV_3:Air System Total Cooling Energy [J](Hourly),VAV_3:Air System Fan Electricity Energy [J](Hourly),VAV_3:Air System Heating Coil Hot Water Energy [J](Hourly),Electricity:Facility [J](Hourly),Fans:Electricity [J](Hourly),Cooling:Electricity [J](Hourly),Heating:Electricity [J](Hourly),InteriorLights:Electricity [J](Hourly),InteriorEquipment:Electricity [J](Hourly),NaturalGas:Facility [J](Hourly),Heating:NaturalGas [J](Hourly),Water Heater:WaterSystems:NaturalGas [J](Hourly),Electricity:Facility [J](Monthly),NaturalGas:Facility [J](Monthly),Water:Facility [m3](Monthly),EnergyTransfer:Facility [J](Monthly),ElectricityPurchased:Facility [J](Monthly),ElectricitySurplusSold:Facility [J](Monthly),ElectricityNet:Facility [J](Monthly),Carbon Equivalent:Facility [kg](Monthly),PlantLoopHeatingDemand:Facility [J](Monthly),MainsWater:Facility [m3](Monthly),WaterEnvironmentalFactors:Facility [L](Monthly),Source:Facility [J](Monthly),SO2:Facility [kg](Monthly),NOx:Facility [kg](Monthly),N2O:Facility [kg](Monthly),PM:Facility [kg](Monthly),PM2.5:Facility [kg](Monthly),PM10:Facility [kg](Monthly),CO:Facility [kg](Monthly),CO2:Facility [kg](Monthly),CH4:Facility [kg](Monthly),NH3:Facility [kg](Monthly),NMVOC:Facility [kg](Monthly),Hg:Facility [kg](Monthly),Pb:Facility [kg](Monthly),Nuclear High:Facility [kg](Monthly),Nuclear Low:Facility [m3](Monthly) 
 01/21  00:02:00,,,,,,,,,,,,,,,,,,,,,,,,,,,,,,,,,,,,,0.3,0.086091009421 
 01/21  00:04:00,,,,,,,,,,,,,,,,,,,,,,,,,,,,,,,,,,,,,0.3,0.086091009421 
 01/21  00:06:00,,,,,,,,,,,,,,,,,,,,,,,,,,,,,,,,,,,,,0.3,0.086091009421 
 01/21  00:08:00,,,,,,,,,,,,,,,,,,,,,,,,,,,,,,,,,,,,,0.3,0.086091009421 
 01/21  00:10:00,,,,,,,,,,,,,,,,,,,,,,,,,,,,,,,,,,,,,0.3,0.086091009421 
 01/21  00:15:00,,,,,,,,,,,,,,,,,,,,,,,,,,,,,,,,,,,,,0.3,0.086091009421 
 01/21  00:20:00,,,,,,,,,,,,,,,,,,,,,,,,,,,,,,,,,,,,,0.3,0.086091009421 
 01/21  00:30:00,,,,,,,,,,,,,,,,,,,,,,,,,,,,,,,,,,,,,0.3,0.086091009421 
 01/21  00:32:00,,,,,,,,,,,,,,,,,,,,,,,,,,,,,,,,,,,,,0.3,0.086091009421 
 01/21  00:34:00,,,,,,,,,,,,,,,,,,,,,,,,,,,,,,,,,,,,,0.3,0.086091009421 
 01/21  00:36:00,,,,,,,,,,,,,,,,,,,,,,,,,,,,,,,,,,,,,0.3,0.086091009421 
 01/21  00:38:00,,,,,,,,,,,,,,,,,,,,,,,,,,,,,,,,,,,,,0.3,0.086091009421 
 01/21  00:40:00,,,,,,,,,,,,,,,,,,,,,,,,,,,,,,,,,,,,,0.3,0.086091009421 
 01/21  00:42:00,,,,,,,,,,,,,,,,,,,,,,,,,,,,,,,,,,,,,0.3,0.086091009421 
 01/21  00:44:00,,,,,,,,,,,,,,,,,,,,,,,,,,,,,,,,,,,,,0.3,0.086091009421 
 01/21  00:46:00,,,,,,,,,,,,,,,,,,,,,,,,,,,,,,,,,,,,,0.3,0.086091009421 
 01/21  00:48:00,,,,,,,,,,,,,,,,,,,,,,,,,,,,,,,,,,,,,0.3,0.086091009421 
 01/21  00:50:00,,,,,,,,,,,,,,,,,,,,,,,,,,,,,,,,,,,,,0.3,0.086091009421 
 01/21  00:55:00,,,,,,,,,,,,,,,,,,,,,,,,,,,,,,,,,,,,,0.3,0.086091009421 
 01/21  01:00:00,-20.599999999999998,0.0006125752582689679,100.0,20.921444639215974,20.894942925737933,20.654570139977604,18.629053000714137,18.29735259305014,20.121386624421895,20.075611535090882,20.179496985325247,20.20290541328025,20.096104481246517,20.108903037433194,20.147524506457934,20.19863996750804,20.084796124196323,20.044860560452655,20.101907531127253,20.01611210659355,10.275706170573807,0.0,300.1669497632094,0.0311968176,57.70039088413777,59.48017377167333,67.86341392442561,1.6666666666666667,1.6666666666666667,1.6666666666666667,0.8333333333333334,0.13190386579344388,0.8333333333333334,0.12565279268622986,0.8333333333333334,0.0,0.3,0.086091009421,193195696.41403192,0.0,3095200.04183584,0.0,202523076.42939064,0.0,2992986.44871067,0.0,301990967.64312184,0.0,3356123.7642880194,0.0,735047854.9547787,9444310.254834529,0.0,672278760.3611205,0.0,0.0,20055337.338236693,19983337.338236693,72000.0 
 01/21  01:10:00,,,,,,,,,,,,,,,,,,,,,,,,,,,,,,,,,,,,,0.3,0.086091009421 
 01/21  01:12:00,,,,,,,,,,,,,,,,,,,,,,,,,,,,,,,,,,,,,0.3,0.086091009421 
 01/21  01:14:00,,,,,,,,,,,,,,,,,,,,,,,,,,,,,,,,,,,,,0.3,0.086091009421 
 01/21  01:16:00,,,,,,,,,,,,,,,,,,,,,,,,,,,,,,,,,,,,,0.3,0.086091009421 
 01/21  01:18:00,,,,,,,,,,,,,,,,,,,,,,,,,,,,,,,,,,,,,0.3,0.086091009421 
 01/21  01:20:00,,,,,,,,,,,,,,,,,,,,,,,,,,,,,,,,,,,,,0.3,0.086091009421 
 01/21  01:22:00,,,,,,,,,,,,,,,,,,,,,,,,,,,,,,,,,,,,,0.3,0.086091009421 
 01/21  01:24:00,,,,,,,,,,,,,,,,,,,,,,,,,,,,,,,,,,,,,0.3,0.086091009421 
 01/21  01:26:00,,,,,,,,,,,,,,,,,,,,,,,,,,,,,,,,,,,,,0.3,0.086091009421 
 01/21  01:28:00,,,,,,,,,,,,,,,,,,,,,,,,,,,,,,,,,,,,,0.3,0.086091009421 
 01/21  01:30:00,,,,,,,,,,,,,,,,,,,,,,,,,,,,,,,,,,,,,0.3,0.086091009421 
 01/21  01:35:00,,,,,,,,,,,,,,,,,,,,,,,,,,,,,,,,,,,,,0.3,0.086091009421 
 01/21  01:40:00,,,,,,,,,,,,,,,,,,,,,,,,,,,,,,,,,,,,,0.3,0.086091009421 
 01/21  01:50:00,,,,,,,,,,,,,,,,,,,,,,,,,,,,,,,,,,,,,0.3,0.086091009421 
 01/21  01:52:00,,,,,,,,,,,,,,,,,,,,,,,,,,,,,,,,,,,,,0.3,0.086091009421 
 01/21  01:54:00,,,,,,,,,,,,,,,,,,,,,,,,,,,,,,,,,,,,,0.3,0.086091009421 
 01/21  01:56:00,,,,,,,,,,,,,,,,,,,,,,,,,,,,,,,,,,,,,0.3,0.086091009421 
 01/21  01:58:00,,,,,,,,,,,,,,,,,,,,,,,,,,,,,,,,,,,,,0.3,0.086091009421 
 01/21  02:00:00,-20.599999999999998,0.0006125752582689679,100.0,20.841799274807872,20.804720073288333,20.444226795390737,18.65440557246259,18.32572261024819,19.78238125944178,19.727800967900617,19.812062943850567,19.793351253943616,19.72683799811167,19.70646505772054,19.753351048111565,19.74815550028799,19.527988618911206,19.485836000292128,19.536941520116017,19.46490994724509,10.12033943904454,0.0,421.55315151475617,0.0311968176,56.77015513330542,58.49627353731387,196.295413065669,1.3333333333333333,1.3333333333333333,1.3333333333333333,0.6666666666666666,0.10699033683516095,0.6666666666666666,0.10216730509370862,0.6666666666666666,0.0,0.3,0.086091009421,151256945.1092894,0.0,2476160.033468672,0.0,158635208.68622422,0.0,2394389.158968536,0.0,237474768.45259595,0.0,2684899.011430416,0.0,589189585.5708714,7555448.2038676245,0.0,528309353.02818,0.0,0.0,18348870.446581267,14377651.270077487,3971219.176503778 
 01/21  02:02:00,,,,,,,,,,,,,,,,,,,,,,,,,,,,,,,,,,,,,0.3,0.086091009421 
 01/21  02:04:00,,,,,,,,,,,,,,,,,,,,,,,,,,,,,,,,,,,,,0.3,0.086091009421 
 01/21  02:06:00,,,,,,,,,,,,,,,,,,,,,,,,,,,,,,,,,,,,,0.3,0.086091009421 
 01/21  02:08:00,,,,,,,,,,,,,,,,,,,,,,,,,,,,,,,,,,,,,0.3,0.086091009421 
 01/21  02:10:00,,,,,,,,,,,,,,,,,,,,,,,,,,,,,,,,,,,,,0.3,0.086091009421 
 01/21  02:15:00,,,,,,,,,,,,,,,,,,,,,,,,,,,,,,,,,,,,,0.3,0.086091009421 
 01/21  02:20:00,,,,,,,,,,,,,,,,,,,,,,,,,,,,,,,,,,,,,0.3,0.086091009421 
 01/21  02:30:00,,,,,,,,,,,,,,,,,,,,,,,,,,,,,,,,,,,,,0.3,0.086091009421 
 01/21  02:32:00,,,,,,,,,,,,,,,,,,,,,,,,,,,,,,,,,,,,,0.3,0.086091009421 
 01/21  02:34:00,,,,,,,,,,,,,,,,,,,,,,,,,,,,,,,,,,,,,0.3,0.086091009421 
 01/21  02:36:00,,,,,,,,,,,,,,,,,,,,,,,,,,,,,,,,,,,,,0.3,0.086091009421 
 01/21  02:38:00,,,,,,,,,,,,,,,,,,,,,,,,,,,,,,,,,,,,,0.3,0.086091009421 
 01/21  02:40:00,,,,,,,,,,,,,,,,,,,,,,,,,,,,,,,,,,,,,0.3,0.086091009421 
 01/21  02:42:00,,,,,,,,,,,,,,,,,,,,,,,,,,,,,,,,,,,,,0.3,0.086091009421 
 01/21  02:44:00,,,,,,,,,,,,,,,,,,,,,,,,,,,,,,,,,,,,,0.3,0.086091009421 
 01/21  02:46:00,,,,,,,,,,,,,,,,,,,,,,,,,,,,,,,,,,,,,0.3,0.086091009421 
 01/21  02:48:00,,,,,,,,,,,,,,,,,,,,,,,,,,,,,,,,,,,,,0.3,0.086091009421 
 01/21  02:50:00,,,,,,,,,,,,,,,,,,,,,,,,,,,,,,,,,,,,,0.3,0.086091009421 
 01/21  02:55:00,,,,,,,,,,,,,,,,,,,,,,,,,,,,,,,,,,,,,0.3,0.086091009421 
 01/21  03:00:00,-20.599999999999998,0.0006125752582689679,100.0,20.919900929074878,20.891642223637213,20.642542941592257,18.603886653898954,18.265365714286784,20.11436332038158,20.067501836479398,20.173695940549095,20.197076480994838,20.085990001120958,20.100302370115458,20.139142845076023,20.19196551595547,20.073253557870384,20.03338112960604,20.090386869830205,20.004518667184648,10.202654911874633,0.0,300.90082744392856,0.0311968176,57.69476742701784,59.47284296765755,68.82041872122925,1.6666666666666667,1.6666666666666667,1.6666666666666667,0.8333333333333334,0.13143717316265194,0.8333333333333334,0.12505337675474062,0.8333333333333334,0.0,0.3,0.086091009421,194072720.75502303,0.0,3095200.04183584,0.0,203724738.18725884,0.0,2992986.44871067,0.0,305330864.3071225,0.0,3356123.7642880194,0.0,739907444.4223409,9444310.254834529,0.0,677138349.8286827,0.0,0.0,20754078.95735894,20682078.95735894,72000.0 
 01/21  03:10:00,,,,,,,,,,,,,,,,,,,,,,,,,,,,,,,,,,,,,0.3,0.086091009421 
 01/21  03:12:00,,,,,,,,,,,,,,,,,,,,,,,,,,,,,,,,,,,,,0.3,0.086091009421 
 01/21  03:14:00,,,,,,,,,,,,,,,,,,,,,,,,,,,,,,,,,,,,,0.3,0.086091009421 
 01/21  03:16:00,,,,,,,,,,,,,,,,,,,,,,,,,,,,,,,,,,,,,0.3,0.086091009421 
 01/21  03:18:00,,,,,,,,,,,,,,,,,,,,,,,,,,,,,,,,,,,,,0.3,0.086091009421 
 01/21  03:20:00,,,,,,,,,,,,,,,,,,,,,,,,,,,,,,,,,,,,,0.3,0.086091009421 
 01/21  03:22:00,,,,,,,,,,,,,,,,,,,,,,,,,,,,,,,,,,,,,0.3,0.086091009421 
 01/21  03:24:00,,,,,,,,,,,,,,,,,,,,,,,,,,,,,,,,,,,,,0.3,0.086091009421 
 01/21  03:26:00,,,,,,,,,,,,,,,,,,,,,,,,,,,,,,,,,,,,,0.3,0.086091009421 
 01/21  03:28:00,,,,,,,,,,,,,,,,,,,,,,,,,,,,,,,,,,,,,0.3,0.086091009421 
 01/21  03:30:00,,,,,,,,,,,,,,,,,,,,,,,,,,,,,,,,,,,,,0.3,0.086091009421 
 01/21  03:35:00,,,,,,,,,,,,,,,,,,,,,,,,,,,,,,,,,,,,,0.3,0.086091009421 
 01/21  03:40:00,,,,,,,,,,,,,,,,,,,,,,,,,,,,,,,,,,,,,0.3,0.086091009421 
 01/21  03:50:00,,,,,,,,,,,,,,,,,,,,,,,,,,,,,,,,,,,,,0.3,0.086091009421 
 01/21  03:52:00,,,,,,,,,,,,,,,,,,,,,,,,,,,,,,,,,,,,,0.3,0.086091009421 
 01/21  03:54:00,,,,,,,,,,,,,,,,,,,,,,,,,,,,,,,,,,,,,0.3,0.086091009421 
 01/21  03:56:00,,,,,,,,,,,,,,,,,,,,,,,,,,,,,,,,,,,,,0.3,0.086091009421 
 01/21  03:58:00,,,,,,,,,,,,,,,,,,,,,,,,,,,,,,,,,,,,,0.3,0.086091009421 
 01/21  04:00:00,-20.599999999999998,0.0006125752582689679,100.0,20.839000621422333,20.800278575405763,20.432235919509562,18.630672593381465,18.29627430320751,19.776527361535152,19.72110293981537,19.80675684571254,19.787967429160954,19.718102396770423,19.698015889267154,19.745418319219777,19.74091072026313,19.515963222074898,19.47385427721209,19.52494740034179,19.452443703652534,10.063695483798513,0.0,421.9287395644758,0.0311968176,56.76727683811091,58.5024882342739,195.48425002409263,1.3333333333333333,1.3333333333333333,1.3333333333333333,0.6666666666666666,0.1066574718431909,0.6666666666666666,0.10172762216806226,0.6666666666666666,0.0,0.3,0.086091009421,151905547.72778255,0.0,2476160.033468672,0.0,159554933.08695805,0.0,2394389.158968536,0.0,239814063.16948926,0.0,2684899.011430416,0.0,592751319.1414049,7555448.2038676245,0.0,531871086.5987136,0.0,0.0,18781168.14427471,14810011.47706081,3971156.667213903 
 01/21  04:02:00,,,,,,,,,,,,,,,,,,,,,,,,,,,,,,,,,,,,,0.3,0.086091009421 
 01/21  04:04:00,,,,,,,,,,,,,,,,,,,,,,,,,,,,,,,,,,,,,0.3,0.086091009421 
 01/21  04:06:00,,,,,,,,,,,,,,,,,,,,,,,,,,,,,,,,,,,,,0.3,0.086091009421 
 01/21  04:08:00,,,,,,,,,,,,,,,,,,,,,,,,,,,,,,,,,,,,,0.3,0.086091009421 
 01/21  04:10:00,,,,,,,,,,,,,,,,,,,,,,,,,,,,,,,,,,,,,0.3,0.086091009421 
 01/21  04:15:00,,,,,,,,,,,,,,,,,,,,,,,,,,,,,,,,,,,,,0.3,0.086091009421 
 01/21  04:20:00,,,,,,,,,,,,,,,,,,,,,,,,,,,,,,,,,,,,,0.3,0.086091009421 
 01/21  04:30:00,,,,,,,,,,,,,,,,,,,,,,,,,,,,,,,,,,,,,0.3,0.086091009421 
 01/21  04:32:00,,,,,,,,,,,,,,,,,,,,,,,,,,,,,,,,,,,,,0.3,0.086091009421 
 01/21  04:34:00,,,,,,,,,,,,,,,,,,,,,,,,,,,,,,,,,,,,,0.3,0.086091009421 
 01/21  04:36:00,,,,,,,,,,,,,,,,,,,,,,,,,,,,,,,,,,,,,0.3,0.086091009421 
 01/21  04:38:00,,,,,,,,,,,,,,,,,,,,,,,,,,,,,,,,,,,,,0.3,0.086091009421 
 01/21  04:40:00,,,,,,,,,,,,,,,,,,,,,,,,,,,,,,,,,,,,,0.3,0.086091009421 
 01/21  04:42:00,,,,,,,,,,,,,,,,,,,,,,,,,,,,,,,,,,,,,0.3,0.086091009421 
 01/21  04:44:00,,,,,,,,,,,,,,,,,,,,,,,,,,,,,,,,,,,,,0.3,0.086091009421 
 01/21  04:46:00,,,,,,,,,,,,,,,,,,,,,,,,,,,,,,,,,,,,,0.3,0.086091009421 
 01/21  04:48:00,,,,,,,,,,,,,,,,,,,,,,,,,,,,,,,,,,,,,0.3,0.086091009421 
 01/21  04:50:00,,,,,,,,,,,,,,,,,,,,,,,,,,,,,,,,,,,,,0.3,0.086091009421 
 01/21  04:55:00,,,,,,,,,,,,,,,,,,,,,,,,,,,,,,,,,,,,,0.3,0.086091009421 
 01/21  05:00:00,-20.599999999999998,0.0006125752582689679,100.0,20.918620298263704,20.88863543899892,20.633353762064477,18.581134448646853,18.23501835189163,20.108979581399424,20.06095452840938,20.169243831758177,20.192630260390715,20.077682900145057,20.09210559038146,20.132255196398507,20.186506067549974,20.06464768789078,20.024831857366017,20.081793902461147,19.994196503879127,10.158325715565761,0.0,300.67912851857267,0.0311968176,57.69646676819559,59.46543631830693,69.78732421578106,1.6666666666666667,1.6666666666666667,1.6666666666666667,0.8333333333333334,0.13101599858755633,0.8333333333333334,0.1244912001434539,0.8333333333333334,0.0,0.3,0.086091009421,194773912.8272395,0.0,3095200.04183584,0.0,204756783.14177707,0.0,2992986.44871067,0.0,307780218.1549705,0.0,3356123.7642880194,0.0,743750093.7346567,9444310.254834529,0.0,680980999.1409985,0.0,0.0,21179005.91019259,21107005.91019259,72000.0 
 01/21  05:10:00,,,,,,,,,,,,,,,,,,,,,,,,,,,,,,,,,,,,,0.3,0.086091009421 
 01/21  05:12:00,,,,,,,,,,,,,,,,,,,,,,,,,,,,,,,,,,,,,0.3,0.086091009421 
 01/21  05:14:00,,,,,,,,,,,,,,,,,,,,,,,,,,,,,,,,,,,,,0.3,0.086091009421 
 01/21  05:16:00,,,,,,,,,,,,,,,,,,,,,,,,,,,,,,,,,,,,,0.3,0.086091009421 
 01/21  05:18:00,,,,,,,,,,,,,,,,,,,,,,,,,,,,,,,,,,,,,0.3,0.086091009421 
 01/21  05:20:00,,,,,,,,,,,,,,,,,,,,,,,,,,,,,,,,,,,,,0.3,0.086091009421 
 01/21  05:22:00,,,,,,,,,,,,,,,,,,,,,,,,,,,,,,,,,,,,,0.3,0.086091009421 
 01/21  05:24:00,,,,,,,,,,,,,,,,,,,,,,,,,,,,,,,,,,,,,0.3,0.086091009421 
 01/21  05:26:00,,,,,,,,,,,,,,,,,,,,,,,,,,,,,,,,,,,,,0.3,0.086091009421 
 01/21  05:28:00,,,,,,,,,,,,,,,,,,,,,,,,,,,,,,,,,,,,,0.3,0.086091009421 
 01/21  05:30:00,,,,,,,,,,,,,,,,,,,,,,,,,,,,,,,,,,,,,0.3,0.086091009421 
 01/21  05:35:00,,,,,,,,,,,,,,,,,,,,,,,,,,,,,,,,,,,,,0.3,0.086091009421 
 01/21  05:40:00,,,,,,,,,,,,,,,,,,,,,,,,,,,,,,,,,,,,,0.3,0.086091009421 
 01/21  05:50:00,,,,,,,,,,,,,,,,,,,,,,,,,,,,,,,,,,,,,0.3,0.086091009421 
 01/21  05:52:00,,,,,,,,,,,,,,,,,,,,,,,,,,,,,,,,,,,,,0.3,0.086091009421 
 01/21  05:54:00,,,,,,,,,,,,,,,,,,,,,,,,,,,,,,,,,,,,,0.3,0.086091009421 
 01/21  05:56:00,,,,,,,,,,,,,,,,,,,,,,,,,,,,,,,,,,,,,0.3,0.086091009421 
 01/21  05:58:00,,,,,,,,,,,,,,,,,,,,,,,,,,,,,,,,,,,,,0.3,0.086091009421 
 01/21  06:00:00,-20.599999999999998,0.0006125752582689679,100.0,20.83682918860205,20.796391212654967,20.42313858131592,18.60910608860013,18.2671831167868,19.771986554744206,19.715837223952015,19.802638300961192,19.783808627455883,19.71084618812373,19.690739146649964,19.738828226688764,19.7349203217851,19.506889565929267,19.464823041706808,19.51589279527335,19.442490264617508,10.028504670178041,0.0,527.0357267406529,0.0311968176,55.961650155828785,58.801508740869814,156.45248275896668,1.3333333333333333,1.3333333333333333,1.3333333333333333,0.6666666666666666,0.10634456951261236,0.6666666666666666,0.10129356240507766,0.6666666666666666,0.0,0.3,0.086091009421,152415637.54904056,0.0,2476160.033468672,0.0,160344100.50968218,0.0,2394389.158968536,0.0,241550035.8616406,0.0,2684899.011430416,0.0,595570971.7961261,7555448.2038676245,0.0,534690739.2534348,0.0,0.0,19050857.24669331,15079483.07882608,3971374.1678672293 
 01/21  06:02:00,,,,,,,,,,,,,,,,,,,,,,,,,,,,,,,,,,,,,0.3,0.086091009421 
 01/21  06:04:00,,,,,,,,,,,,,,,,,,,,,,,,,,,,,,,,,,,,,0.3,0.086091009421 
 01/21  06:06:00,,,,,,,,,,,,,,,,,,,,,,,,,,,,,,,,,,,,,0.3,0.086091009421 
 01/21  06:08:00,,,,,,,,,,,,,,,,,,,,,,,,,,,,,,,,,,,,,0.3,0.086091009421 
 01/21  06:10:00,,,,,,,,,,,,,,,,,,,,,,,,,,,,,,,,,,,,,0.3,0.086091009421 
 01/21  06:15:00,,,,,,,,,,,,,,,,,,,,,,,,,,,,,,,,,,,,,0.3,0.086091009421 
 01/21  06:20:00,,,,,,,,,,,,,,,,,,,,,,,,,,,,,,,,,,,,,0.3,0.086091009421 
 01/21  06:25:00,,,,,,,,,,,,,,,,,,,,,,,,,,,,,,,,,,,,,0.3,0.086091009421 
 01/21  06:30:00,,,,,,,,,,,,,,,,,,,,,,,,,,,,,,,,,,,,,0.3,0.086091009421 
 01/21  06:40:00,,,,,,,,,,,,,,,,,,,,,,,,,,,,,,,,,,,,,0.3,0.086091009421 
 01/21  06:50:00,,,,,,,,,,,,,,,,,,,,,,,,,,,,,,,,,,,,,0.3,0.086091009421 
 01/21  07:00:00,-20.599999999999998,0.0006125752582689679,100.0,20.99987193525275,20.99266396619669,20.944799894478688,19.210781485636648,18.859699594068577,20.865953797063217,20.857719294911263,20.886280486520253,20.89728383870109,20.861831696953516,20.873634972356626,20.880874061203063,20.901994185162273,20.894726082717806,20.883128533703204,20.903218039399047,20.87063708544629,12.891801831391895,0.0,445.7031644043695,0.0311968176,56.58505959783522,59.02805490576151,126.88257657780657,0.0,0.0,0.0,1.0,0.17035086566416627,1.0,0.1628737303409386,1.0,0.016864778723250925,0.3,0.086091009421,203641988.15622923,0.0,3714240.0502030076,0.0,215280694.46259266,0.0,3591583.7384528043,0.0,315133286.7554337,0.0,4027348.517145624,0.0,783810708.4795983,11333172.305801436,0.0,719152751.8349733,0.0,0.0,4534556.541850973,4462556.541850973,72000.0 
 01/21  07:10:00,,,,,,,,,,,,,,,,,,,,,,,,,,,,,,,,,,,,,0.3,0.086091009421 
 01/21  07:20:00,,,,,,,,,,,,,,,,,,,,,,,,,,,,,,,,,,,,,0.3,0.086091009421 
 01/21  07:30:00,,,,,,,,,,,,,,,,,,,,,,,,,,,,,,,,,,,,,0.3,0.086091009421 
 01/21  07:40:00,,,,,,,,,,,,,,,,,,,,,,,,,,,,,,,,,,,,,0.3,0.086091009421 
 01/21  07:50:00,,,,,,,,,,,,,,,,,,,,,,,,,,,,,,,,,,,,,0.3,0.086091009421 
 01/21  08:00:00,-20.599999999999998,0.0006125752582689679,100.0,21.00008590574068,21.000159562185967,21.00022837877681,19.44019686710337,19.086122301235203,21.000084749802443,21.00008260121412,21.000080006586714,21.00008011878593,21.00009859596787,21.00009336401065,21.000099549088173,21.00009078644548,21.000070914986498,21.00007013947737,21.000068620707893,21.00006816775145,14.046989433469657,0.0,634.2751916581385,0.0311968176,55.13956491390511,59.04906635338293,124.13854901657784,0.0,0.0,0.0,1.0,0.5829919253847925,1.0,0.6029017046229211,1.0,0.5376668915020703,0.3,0.086091009421,311394535.5077624,0.0,3714240.0502030076,0.0,337228038.0710006,0.0,3591583.7384528043,0.0,433416010.33957607,0.0,4027348.517145624,0.0,691003540.2978315,11333172.305801436,0.0,652262286.9499099,0.0,18495296.7032967,527025917.33304924,523053905.82828456,3972011.5047646547 
 01/21  08:10:00,,,,,,,,,,,,,,,,,,,,,,,,,,,,,,,,,,,,,0.3,0.086091009421 
 01/21  08:20:00,,,,,,,,,,,,,,,,,,,,,,,,,,,,,,,,,,,,,0.3,0.086091009421 
 01/21  08:30:00,,,,,,,,,,,,,,,,,,,,,,,,,,,,,,,,,,,,,0.3,0.086091009421 
 01/21  08:40:00,,,,,,,,,,,,,,,,,,,,,,,,,,,,,,,,,,,,,0.3,0.086091009421 
 01/21  08:50:00,,,,,,,,,,,,,,,,,,,,,,,,,,,,,,,,,,,,,0.3,0.086091009421 
 01/21  09:00:00,-20.599999999999998,0.0006125752582689679,100.0,21.000092800835734,21.000170713841097,21.000250943669023,19.465296578839922,19.11192472867445,21.000021812403503,21.00001245620003,21.000033458123642,21.00001005510722,21.00002238438603,21.000013405630167,21.000034407324232,21.00001128141872,21.000010111966162,21.000005213315863,21.000014902613994,21.000003139451326,14.420543235464919,0.0,832.1170589714438,0.0311968176,53.622589516682986,58.96354411358596,135.3024855289036,0.0,0.0,0.0,1.0,0.5829919253847925,1.0,0.6029017046229211,1.0,0.5376668915020703,0.3,0.086091009421,309913843.8134153,0.0,3714240.0502030076,0.0,334975897.3838566,0.0,3591583.7384528043,0.0,423265249.6042484,0.0,4027348.517145624,0.0,667846896.0567658,11333172.305801436,0.0,640299954.7967561,0.0,16183384.61538461,524625046.01688635,520652329.62370324,3972716.393183117 
 01/21  09:10:00,,,,,,,,,,,,,,,,,,,,,,,,,,,,,,,,,,,,,0.3,0.086091009421 
 01/21  09:20:00,,,,,,,,,,,,,,,,,,,,,,,,,,,,,,,,,,,,,0.3,0.086091009421 
 01/21  09:30:00,,,,,,,,,,,,,,,,,,,,,,,,,,,,,,,,,,,,,0.3,0.086091009421 
 01/21  09:40:00,,,,,,,,,,,,,,,,,,,,,,,,,,,,,,,,,,,,,0.3,0.086091009421 
 01/21  09:50:00,,,,,,,,,,,,,,,,,,,,,,,,,,,,,,,,,,,,,0.3,0.086091009421 
 01/21  10:00:00,-20.599999999999998,0.0006125752582689679,100.0,21.000089231866003,21.00020494300064,21.0003091225965,19.485469554311155,19.134532234773236,20.999993651175092,20.999991540359577,20.999999143744137,20.99999155217296,20.99999499628011,20.99999331509709,20.999999345596873,20.99999327006385,20.999985720984494,20.9999860790435,20.999985918241446,20.999986894631608,14.613941082577384,0.0,1129.5343364564496,0.0311968176,51.3412784839173,58.82325395544233,153.61504572295303,0.0,0.0,0.0,1.0,0.5829919253847925,1.0,0.6029017046229211,1.0,0.5376668915020703,0.3,0.086091009421,303427056.7874212,0.0,3714240.0502030076,0.0,333588511.2021229,0.0,3591583.7384528043,0.0,417700852.47976923,0.0,4027348.517145624,0.0,663512914.8812225,11333172.305801436,0.0,627874281.3135207,0.0,24275076.923076916,527262116.11839974,519386208.56248903,7875907.555910714 
 01/21  10:10:00,,,,,,,,,,,,,,,,,,,,,,,,,,,,,,,,,,,,,0.3,0.086091009421 
 01/21  10:20:00,,,,,,,,,,,,,,,,,,,,,,,,,,,,,,,,,,,,,0.3,0.086091009421 
 01/21  10:30:00,,,,,,,,,,,,,,,,,,,,,,,,,,,,,,,,,,,,,0.3,0.086091009421 
 01/21  10:40:00,,,,,,,,,,,,,,,,,,,,,,,,,,,,,,,,,,,,,0.3,0.086091009421 
 01/21  10:50:00,,,,,,,,,,,,,,,,,,,,,,,,,,,,,,,,,,,,,0.3,0.086091009421 
 01/21  11:00:00,-20.599999999999998,0.0006125752582689679,100.0,21.00011262099738,21.000239884045126,21.00036185431097,19.502541350224124,19.15596920894735,20.999978545234725,20.999981424095193,20.999976003553225,20.99998275959974,20.999981155107523,20.999983557349044,20.999978934525306,20.9999845299881,20.999973487599757,20.999977221893413,20.999969627892597,20.99997967001116,14.730043849291699,0.0,1010.0268631882706,0.0311968176,52.258067888854946,59.12358459349838,114.41129663286021,0.0,0.0,0.0,1.0,0.5829919253847925,1.0,0.6029017046229211,1.0,0.5376668915020703,0.3,0.086091009421,304211920.95823956,0.0,3714240.0502030076,0.0,332493307.7098121,0.0,3591583.7384528043,0.0,413980749.3372855,0.0,4027348.517145624,0.0,656657420.9261541,11333172.305801436,0.0,624486655.4903204,0.0,20807208.791208785,522556262.00145096,518582687.7615191,3973574.2399318516 
 01/21  11:10:00,,,,,,,,,,,,,,,,,,,,,,,,,,,,,,,,,,,,,0.3,0.086091009421 
 01/21  11:20:00,,,,,,,,,,,,,,,,,,,,,,,,,,,,,,,,,,,,,0.3,0.086091009421 
 01/21  11:30:00,,,,,,,,,,,,,,,,,,,,,,,,,,,,,,,,,,,,,0.3,0.086091009421 
 01/21  11:40:00,,,,,,,,,,,,,,,,,,,,,,,,,,,,,,,,,,,,,0.3,0.086091009421 
 01/21  11:50:00,,,,,,,,,,,,,,,,,,,,,,,,,,,,,,,,,,,,,0.3,0.086091009421 
 01/21  12:00:00,-20.599999999999998,0.0006125752582689679,100.0,21.000089918764974,21.000255354143082,21.00038274640666,19.51947585739505,19.176334151475228,20.999981459781328,20.999985462850983,20.99997510978122,20.999986828760928,20.999983077818012,20.999986348042412,20.99997826333836,20.999987402711895,20.99997894436252,20.999982780614825,20.99997420166951,20.999985000591128,14.806561213020748,0.0,1204.7044150249787,0.0311968176,50.76453190505961,58.97052327558947,134.39150998987452,0.0,0.0,0.0,1.0,0.5829919253847925,1.0,0.6029017046229211,1.0,0.5376668915020703,0.3,0.086091009421,298285391.24430436,0.0,3714240.0502030076,0.0,331498839.9461075,0.0,3591583.7384528043,0.0,411161569.3817427,0.0,4027348.517145624,0.0,655463602.8918431,11333172.305801436,0.0,615201145.1483171,0.0,28898901.098901093,521988662.27674544,518014353.8975452,3974308.379200219 
 01/21  12:10:00,,,,,,,,,,,,,,,,,,,,,,,,,,,,,,,,,,,,,0.3,0.086091009421 
 01/21  12:20:00,,,,,,,,,,,,,,,,,,,,,,,,,,,,,,,,,,,,,0.3,0.086091009421 
 01/21  12:30:00,,,,,,,,,,,,,,,,,,,,,,,,,,,,,,,,,,,,,0.3,0.086091009421 
 01/21  12:40:00,,,,,,,,,,,,,,,,,,,,,,,,,,,,,,,,,,,,,0.3,0.086091009421 
 01/21  12:50:00,,,,,,,,,,,,,,,,,,,,,,,,,,,,,,,,,,,,,0.3,0.086091009421 
 01/21  13:00:00,-20.599999999999998,0.0006125752582689679,100.0,21.00010950031927,21.000272343907827,21.000405502078156,19.53435250887915,19.195697133512137,20.999979744272242,20.999983955915482,20.99997219883718,20.99998540988561,20.999981627985225,20.999985087923417,20.999976117952617,20.999986214826087,20.999978020080224,20.999981854835188,20.999973197632237,20.999984165125706,14.860517670545732,0.0,1081.8992042594443,0.0311968176,51.706719776906716,58.898425070008564,143.8021404756923,0.0,0.0,0.0,1.0,0.5829919253847925,1.0,0.6029017046229211,1.0,0.5376668915020703,0.3,0.086091009421,300025591.2764459,0.0,3714240.0502030076,0.0,330619783.2401832,0.0,3591583.7384528043,0.0,408921351.0104288,0.0,4027348.517145624,0.0,649809202.0362716,11333172.305801436,0.0,614170568.4685695,0.0,24275076.923076916,525454240.4704698,517578730.9408585,7875509.529611379 
 01/21  13:10:00,,,,,,,,,,,,,,,,,,,,,,,,,,,,,,,,,,,,,0.3,0.086091009421 
 01/21  13:20:00,,,,,,,,,,,,,,,,,,,,,,,,,,,,,,,,,,,,,0.3,0.086091009421 
 01/21  13:30:00,,,,,,,,,,,,,,,,,,,,,,,,,,,,,,,,,,,,,0.3,0.086091009421 
 01/21  13:40:00,,,,,,,,,,,,,,,,,,,,,,,,,,,,,,,,,,,,,0.3,0.086091009421 
 01/21  13:50:00,,,,,,,,,,,,,,,,,,,,,,,,,,,,,,,,,,,,,0.3,0.086091009421 
 01/21  14:00:00,-20.599999999999998,0.0006125752582689679,100.0,21.000137760402648,21.000263599550895,21.00038769364921,19.54467177786606,19.21406942853144,20.99998841207044,20.999991916629764,20.99998135308693,20.99999301825432,20.999988886662617,20.99999175542813,20.99998386018071,20.999992652137433,20.999988149257323,20.999991006259524,20.999984186974228,20.99999267376167,14.90024194583615,0.0,1010.7625665921909,0.0311968176,52.25242538539542,59.09591656565855,118.02344037674743,0.0,0.0,0.0,1.0,0.5829919253847925,1.0,0.6029017046229211,1.0,0.5376668915020703,0.3,0.086091009421,305290051.2266561,0.0,3714240.0502030076,0.0,329805646.0791803,0.0,3591583.7384528043,0.0,407053942.9902896,0.0,4027348.517145624,0.0,643411023.6724026,11333172.305801436,0.0,617020038.4563491,0.0,15027428.571428565,521219097.90850633,517245536.9174693,3973560.9910370046 
 01/21  14:10:00,,,,,,,,,,,,,,,,,,,,,,,,,,,,,,,,,,,,,0.3,0.086091009421 
 01/21  14:20:00,,,,,,,,,,,,,,,,,,,,,,,,,,,,,,,,,,,,,0.3,0.086091009421 
 01/21  14:30:00,,,,,,,,,,,,,,,,,,,,,,,,,,,,,,,,,,,,,0.3,0.086091009421 
 01/21  14:40:00,,,,,,,,,,,,,,,,,,,,,,,,,,,,,,,,,,,,,0.3,0.086091009421 
 01/21  14:50:00,,,,,,,,,,,,,,,,,,,,,,,,,,,,,,,,,,,,,0.3,0.086091009421 
 01/21  15:00:00,-20.599999999999998,0.0006125752582689679,100.0,21.000147497231268,21.000245220326182,21.000356525929273,19.55290676240247,19.231398372408908,20.999995034848137,20.999997078650853,20.999990116634848,20.999997731859406,20.999994788671895,20.99999651359875,20.999991328842125,20.99999708512814,20.99999534285417,20.999996873818514,20.999992880526943,20.999997862377974,14.929904495042072,0.0,834.8884138564157,0.0311968176,53.60133508824825,58.98876602127614,132.01001364654311,0.0,0.0,0.0,1.0,0.5829919253847925,1.0,0.6029017046229211,1.0,0.5376668915020703,0.3,0.086091009421,308874968.98376226,0.0,3714240.0502030076,0.0,329080712.95392203,0.0,3591583.7384528043,0.0,405504201.1189705,0.0,4027348.517145624,0.0,639151955.3971847,11333172.305801436,0.0,618540750.4009115,0.0,9247648.35164835,520955260.8515744,516982450.4374273,3972810.41414715 
 01/21  15:10:00,,,,,,,,,,,,,,,,,,,,,,,,,,,,,,,,,,,,,0.3,0.086091009421 
 01/21  15:20:00,,,,,,,,,,,,,,,,,,,,,,,,,,,,,,,,,,,,,0.3,0.086091009421 
 01/21  15:30:00,,,,,,,,,,,,,,,,,,,,,,,,,,,,,,,,,,,,,0.3,0.086091009421 
 01/21  15:40:00,,,,,,,,,,,,,,,,,,,,,,,,,,,,,,,,,,,,,0.3,0.086091009421 
 01/21  15:50:00,,,,,,,,,,,,,,,,,,,,,,,,,,,,,,,,,,,,,0.3,0.086091009421 
 01/21  16:00:00,-20.599999999999998,0.0006125752582689679,100.0,21.000141732365822,21.000214077807446,21.000307458309738,19.560285788892287,19.24752697435336,21.000003388320728,21.000003795648627,21.000001189030748,21.000003918041646,21.00000221264253,21.000002630758058,21.000000679989597,21.000002811785006,21.00000422553964,21.000004279271646,21.000003461098895,21.000004449343482,14.951875141970264,0.0,743.3366553086653,0.0311968176,54.303372461671415,58.96336620891413,135.3246683402441,0.0,0.0,0.0,1.0,0.5829919253847925,1.0,0.6029017046229211,1.0,0.5376668915020703,0.3,0.086091009421,311791700.1956794,0.0,3714240.0502030076,0.0,328433881.6220732,0.0,3591583.7384528043,0.0,404214190.82978815,0.0,4027348.517145624,0.0,635679097.1021054,11333172.305801436,0.0,619691716.2816563,0.0,4623824.175824175,520741058.9385551,516768605.0751037,3972453.863451455 
 01/21  16:10:00,,,,,,,,,,,,,,,,,,,,,,,,,,,,,,,,,,,,,0.3,0.086091009421 
 01/21  16:20:00,,,,,,,,,,,,,,,,,,,,,,,,,,,,,,,,,,,,,0.3,0.086091009421 
 01/21  16:30:00,,,,,,,,,,,,,,,,,,,,,,,,,,,,,,,,,,,,,0.3,0.086091009421 
 01/21  16:40:00,,,,,,,,,,,,,,,,,,,,,,,,,,,,,,,,,,,,,0.3,0.086091009421 
 01/21  16:50:00,,,,,,,,,,,,,,,,,,,,,,,,,,,,,,,,,,,,,0.3,0.086091009421 
 01/21  17:00:00,-20.599999999999998,0.0006125752582689679,100.0,21.000126782085758,21.000193179126054,21.00027760791067,19.5681655052792,19.262612520574066,21.000004878301404,21.00000403078802,21.000005099963133,21.000003846287576,21.000004036557435,21.000003465312037,21.000004168660315,21.000003392080053,21.00000531587877,21.000004439547563,21.000005797313307,21.000004182001252,14.968423030183551,0.0,785.0507992695981,0.0311968176,53.98350743112155,58.98347097605915,132.69995810985893,0.0,0.0,0.0,1.0,0.5829919253847925,1.0,0.6029017046229211,1.0,0.5376668915020703,0.3,0.086091009421,311103111.86330783,0.0,3714240.0502030076,0.0,327826615.72710603,0.0,3591583.7384528043,0.0,403093662.6884191,0.0,4027348.517145624,0.0,652326929.637632,11333172.305801436,0.0,617418792.773227,0.0,5779780.219780219,520561694.588109,516589281.4997557,3972413.0883533405 
 01/21  17:10:00,,,,,,,,,,,,,,,,,,,,,,,,,,,,,,,,,,,,,0.3,0.086091009421 
 01/21  17:20:00,,,,,,,,,,,,,,,,,,,,,,,,,,,,,,,,,,,,,0.3,0.086091009421 
 01/21  17:30:00,,,,,,,,,,,,,,,,,,,,,,,,,,,,,,,,,,,,,0.3,0.086091009421 
 01/21  17:40:00,,,,,,,,,,,,,,,,,,,,,,,,,,,,,,,,,,,,,0.3,0.086091009421 
 01/21  17:50:00,,,,,,,,,,,,,,,,,,,,,,,,,,,,,,,,,,,,,0.3,0.086091009421 
 01/21  18:00:00,-20.599999999999998,0.0006125752582689679,100.0,21.000108316535474,21.000170199161055,21.00024213671502,19.57660360213164,19.27688288663684,21.00000320153301,21.000002765339087,21.00000368061258,21.00000278062318,21.000002806670235,21.000002493191076,21.000003066701538,21.00000253598309,21.000003667111088,21.0000032587359,21.000003954499807,21.000003323600755,14.981762006605225,0.0,490.7406049765979,0.0311968176,56.2398661552019,58.714226563150355,167.84677120182698,0.0,0.0,0.0,1.0,0.5829919253847925,1.0,0.6029017046229211,1.0,0.5376668915020703,0.3,0.086091009421,310216811.0017523,0.0,3714240.0502030076,0.0,327301915.35029006,0.0,3591583.7384528043,0.0,402144942.06508505,0.0,4027348.517145624,0.0,686782853.8845162,11333172.305801436,0.0,615189160.976155,0.0,6935736.263736261,516498668.91896355,516426668.91896355,72000.0 
 01/21  18:02:00,,,,,,,,,,,,,,,,,,,,,,,,,,,,,,,,,,,,,0.3,0.086091009421 
 01/21  18:04:00,,,,,,,,,,,,,,,,,,,,,,,,,,,,,,,,,,,,,0.3,0.086091009421 
 01/21  18:06:00,,,,,,,,,,,,,,,,,,,,,,,,,,,,,,,,,,,,,0.3,0.086091009421 
 01/21  18:08:00,,,,,,,,,,,,,,,,,,,,,,,,,,,,,,,,,,,,,0.3,0.086091009421 
 01/21  18:10:00,,,,,,,,,,,,,,,,,,,,,,,,,,,,,,,,,,,,,0.3,0.086091009421 
 01/21  18:20:00,,,,,,,,,,,,,,,,,,,,,,,,,,,,,,,,,,,,,0.3,0.086091009421 
 01/21  18:30:00,,,,,,,,,,,,,,,,,,,,,,,,,,,,,,,,,,,,,0.3,0.086091009421 
 01/21  18:32:00,,,,,,,,,,,,,,,,,,,,,,,,,,,,,,,,,,,,,0.3,0.086091009421 
 01/21  18:34:00,,,,,,,,,,,,,,,,,,,,,,,,,,,,,,,,,,,,,0.3,0.086091009421 
 01/21  18:36:00,,,,,,,,,,,,,,,,,,,,,,,,,,,,,,,,,,,,,0.3,0.086091009421 
 01/21  18:38:00,,,,,,,,,,,,,,,,,,,,,,,,,,,,,,,,,,,,,0.3,0.086091009421 
 01/21  18:40:00,,,,,,,,,,,,,,,,,,,,,,,,,,,,,,,,,,,,,0.3,0.086091009421 
 01/21  18:42:00,,,,,,,,,,,,,,,,,,,,,,,,,,,,,,,,,,,,,0.3,0.086091009421 
 01/21  18:44:00,,,,,,,,,,,,,,,,,,,,,,,,,,,,,,,,,,,,,0.3,0.086091009421 
 01/21  18:46:00,,,,,,,,,,,,,,,,,,,,,,,,,,,,,,,,,,,,,0.3,0.086091009421 
 01/21  18:48:00,,,,,,,,,,,,,,,,,,,,,,,,,,,,,,,,,,,,,0.3,0.086091009421 
 01/21  18:50:00,,,,,,,,,,,,,,,,,,,,,,,,,,,,,,,,,,,,,0.3,0.086091009421 
 01/21  19:00:00,-20.599999999999998,0.0006125752582689679,100.0,20.927885916256418,20.90812923189287,20.76517322764369,18.939583309002835,18.648489006968614,20.29028169259768,20.258066626618177,20.3142533488942,20.32318858800173,20.265165066590654,20.261080796278364,20.286606059286814,20.305256479801958,20.240821609280086,20.21089344108526,20.249416441536564,20.192678167945218,12.025944715281755,0.0,418.0336000936881,0.0311968176,56.79711544579148,59.297696847059704,91.68264681552334,1.5999999999999999,1.5999999999999999,1.5999999999999999,0.7999999999999999,0.13304329374589738,0.7999999999999999,0.12791112456453047,0.7999999999999999,0.005711745138008323,0.3,0.086091009421,173569080.40732688,0.0,2971392.040162406,0.0,182068179.884699,0.0,2873266.9907622435,0.0,243866363.3539974,0.0,3221878.813716499,0.0,650044270.208562,9066537.844641149,0.0,587652948.0250975,0.0,0.0,7451819.344413629,3480172.2203558856,3971647.1240577423 
 01/21  19:10:00,,,,,,,,,,,,,,,,,,,,,,,,,,,,,,,,,,,,,0.3,0.086091009421 
 01/21  19:12:00,,,,,,,,,,,,,,,,,,,,,,,,,,,,,,,,,,,,,0.3,0.086091009421 
 01/21  19:14:00,,,,,,,,,,,,,,,,,,,,,,,,,,,,,,,,,,,,,0.3,0.086091009421 
 01/21  19:16:00,,,,,,,,,,,,,,,,,,,,,,,,,,,,,,,,,,,,,0.3,0.086091009421 
 01/21  19:18:00,,,,,,,,,,,,,,,,,,,,,,,,,,,,,,,,,,,,,0.3,0.086091009421 
 01/21  19:20:00,,,,,,,,,,,,,,,,,,,,,,,,,,,,,,,,,,,,,0.3,0.086091009421 
 01/21  19:22:00,,,,,,,,,,,,,,,,,,,,,,,,,,,,,,,,,,,,,0.3,0.086091009421 
 01/21  19:24:00,,,,,,,,,,,,,,,,,,,,,,,,,,,,,,,,,,,,,0.3,0.086091009421 
 01/21  19:26:00,,,,,,,,,,,,,,,,,,,,,,,,,,,,,,,,,,,,,0.3,0.086091009421 
 01/21  19:28:00,,,,,,,,,,,,,,,,,,,,,,,,,,,,,,,,,,,,,0.3,0.086091009421 
 01/21  19:30:00,,,,,,,,,,,,,,,,,,,,,,,,,,,,,,,,,,,,,0.3,0.086091009421 
 01/21  19:40:00,,,,,,,,,,,,,,,,,,,,,,,,,,,,,,,,,,,,,0.3,0.086091009421 
 01/21  19:50:00,,,,,,,,,,,,,,,,,,,,,,,,,,,,,,,,,,,,,0.3,0.086091009421 
 01/21  19:52:00,,,,,,,,,,,,,,,,,,,,,,,,,,,,,,,,,,,,,0.3,0.086091009421 
 01/21  19:54:00,,,,,,,,,,,,,,,,,,,,,,,,,,,,,,,,,,,,,0.3,0.086091009421 
 01/21  19:56:00,,,,,,,,,,,,,,,,,,,,,,,,,,,,,,,,,,,,,0.3,0.086091009421 
 01/21  19:58:00,,,,,,,,,,,,,,,,,,,,,,,,,,,,,,,,,,,,,0.3,0.086091009421 
 01/21  20:00:00,-20.599999999999998,0.0006125752582689679,100.0,20.856794093219552,20.822773296731512,20.53292118707916,18.78445773979405,18.48983217223623,19.83123841975535,19.783012780290722,19.85335361387242,19.841359918372888,19.784736463959902,19.763975415361774,19.802997472407878,19.798988784926415,19.627280735149494,19.588574324647578,19.634452378120468,19.570942626181182,10.956707990684002,0.0,485.1872773612387,0.0311968176,56.28242034121905,58.7801828687931,159.23584920943821,1.3333333333333333,1.3333333333333333,1.3333333333333333,0.6666666666666666,0.10920939285169536,0.6666666666666666,0.10498711988583039,0.6666666666666666,0.0,0.3,0.086091009421,147366040.20389387,0.0,2476160.033468672,0.0,154252372.97105998,0.0,2394389.158968536,0.0,216824209.36254352,0.0,2684899.011430416,0.0,565990099.133352,7555448.2038676245,0.0,505109866.5906608,0.0,0.0,11192778.717599824,7221634.678711031,3971144.0388887944 
 01/21  20:02:00,,,,,,,,,,,,,,,,,,,,,,,,,,,,,,,,,,,,,0.3,0.086091009421 
 01/21  20:04:00,,,,,,,,,,,,,,,,,,,,,,,,,,,,,,,,,,,,,0.3,0.086091009421 
 01/21  20:06:00,,,,,,,,,,,,,,,,,,,,,,,,,,,,,,,,,,,,,0.3,0.086091009421 
 01/21  20:08:00,,,,,,,,,,,,,,,,,,,,,,,,,,,,,,,,,,,,,0.3,0.086091009421 
 01/21  20:10:00,,,,,,,,,,,,,,,,,,,,,,,,,,,,,,,,,,,,,0.3,0.086091009421 
 01/21  20:20:00,,,,,,,,,,,,,,,,,,,,,,,,,,,,,,,,,,,,,0.3,0.086091009421 
 01/21  20:30:00,,,,,,,,,,,,,,,,,,,,,,,,,,,,,,,,,,,,,0.3,0.086091009421 
 01/21  20:32:00,,,,,,,,,,,,,,,,,,,,,,,,,,,,,,,,,,,,,0.3,0.086091009421 
 01/21  20:34:00,,,,,,,,,,,,,,,,,,,,,,,,,,,,,,,,,,,,,0.3,0.086091009421 
 01/21  20:36:00,,,,,,,,,,,,,,,,,,,,,,,,,,,,,,,,,,,,,0.3,0.086091009421 
 01/21  20:38:00,,,,,,,,,,,,,,,,,,,,,,,,,,,,,,,,,,,,,0.3,0.086091009421 
 01/21  20:40:00,,,,,,,,,,,,,,,,,,,,,,,,,,,,,,,,,,,,,0.3,0.086091009421 
 01/21  20:42:00,,,,,,,,,,,,,,,,,,,,,,,,,,,,,,,,,,,,,0.3,0.086091009421 
 01/21  20:44:00,,,,,,,,,,,,,,,,,,,,,,,,,,,,,,,,,,,,,0.3,0.086091009421 
 01/21  20:46:00,,,,,,,,,,,,,,,,,,,,,,,,,,,,,,,,,,,,,0.3,0.086091009421 
 01/21  20:48:00,,,,,,,,,,,,,,,,,,,,,,,,,,,,,,,,,,,,,0.3,0.086091009421 
 01/21  20:50:00,,,,,,,,,,,,,,,,,,,,,,,,,,,,,,,,,,,,,0.3,0.086091009421 
 01/21  20:55:00,,,,,,,,,,,,,,,,,,,,,,,,,,,,,,,,,,,,,0.3,0.086091009421 
 01/21  21:00:00,-20.599999999999998,0.0006125752582689679,100.0,20.925993270402362,20.902983776461173,20.700149286110538,18.719309382223575,18.415310404175624,20.153886666968532,20.113072689531254,20.204078599332536,20.233105070494094,20.135286351455143,20.145945408356507,20.17787249575814,20.228197939413892,20.1342936260875,20.097288041631494,20.149723140246262,20.07156717384616,10.721534345863295,0.0,442.27006525569647,0.0311968176,56.61137161040216,59.04688918049073,124.42404906211645,1.6666666666666667,1.6666666666666667,1.6666666666666667,0.8333333333333334,0.13363856738673188,0.8333333333333334,0.12794698484102732,0.8333333333333334,0.0,0.3,0.086091009421,190586776.0648776,0.0,3095200.04183584,0.0,199507878.08019376,0.0,2992986.44871067,0.0,288243114.88638955,0.0,3356123.7642880194,0.0,719527015.5038966,9444310.254834529,0.0,656757920.9102384,0.0,0.0,15241422.332985073,15169422.332985073,72000.0 
 01/21  21:10:00,,,,,,,,,,,,,,,,,,,,,,,,,,,,,,,,,,,,,0.3,0.086091009421 
 01/21  21:12:00,,,,,,,,,,,,,,,,,,,,,,,,,,,,,,,,,,,,,0.3,0.086091009421 
 01/21  21:14:00,,,,,,,,,,,,,,,,,,,,,,,,,,,,,,,,,,,,,0.3,0.086091009421 
 01/21  21:16:00,,,,,,,,,,,,,,,,,,,,,,,,,,,,,,,,,,,,,0.3,0.086091009421 
 01/21  21:18:00,,,,,,,,,,,,,,,,,,,,,,,,,,,,,,,,,,,,,0.3,0.086091009421 
 01/21  21:20:00,,,,,,,,,,,,,,,,,,,,,,,,,,,,,,,,,,,,,0.3,0.086091009421 
 01/21  21:22:00,,,,,,,,,,,,,,,,,,,,,,,,,,,,,,,,,,,,,0.3,0.086091009421 
 01/21  21:24:00,,,,,,,,,,,,,,,,,,,,,,,,,,,,,,,,,,,,,0.3,0.086091009421 
 01/21  21:26:00,,,,,,,,,,,,,,,,,,,,,,,,,,,,,,,,,,,,,0.3,0.086091009421 
 01/21  21:28:00,,,,,,,,,,,,,,,,,,,,,,,,,,,,,,,,,,,,,0.3,0.086091009421 
 01/21  21:30:00,,,,,,,,,,,,,,,,,,,,,,,,,,,,,,,,,,,,,0.3,0.086091009421 
 01/21  21:35:00,,,,,,,,,,,,,,,,,,,,,,,,,,,,,,,,,,,,,0.3,0.086091009421 
 01/21  21:40:00,,,,,,,,,,,,,,,,,,,,,,,,,,,,,,,,,,,,,0.3,0.086091009421 
 01/21  21:50:00,,,,,,,,,,,,,,,,,,,,,,,,,,,,,,,,,,,,,0.3,0.086091009421 
 01/21  21:52:00,,,,,,,,,,,,,,,,,,,,,,,,,,,,,,,,,,,,,0.3,0.086091009421 
 01/21  21:54:00,,,,,,,,,,,,,,,,,,,,,,,,,,,,,,,,,,,,,0.3,0.086091009421 
 01/21  21:56:00,,,,,,,,,,,,,,,,,,,,,,,,,,,,,,,,,,,,,0.3,0.086091009421 
 01/21  21:58:00,,,,,,,,,,,,,,,,,,,,,,,,,,,,,,,,,,,,,0.3,0.086091009421 
 01/21  22:00:00,-20.599999999999998,0.0006125752582689679,100.0,20.849683943289694,20.81519063710526,20.484092704253616,18.712290084668,18.40709027911074,19.800870411113685,19.747053334838455,19.828760994214836,19.81048086170203,19.751159849009174,19.72896601772128,19.775368041936847,19.768421508279,19.568999868341916,19.52686574149305,19.577842818741736,19.5060341918489,10.411581728334518,0.0,537.2838122106479,0.0311968176,55.883081581092085,59.08700864842846,119.1838630463818,1.3333333333333333,1.3333333333333333,1.3333333333333333,0.6666666666666666,0.10780594321244931,0.6666666666666666,0.10338403134692804,0.6666666666666666,0.0,0.3,0.086091009421,149316359.43330497,0.0,2476160.033468672,0.0,156230931.93596897,0.0,2394389.158968536,0.0,229037617.04502434,0.0,2684899.011430416,0.0,578200101.15912,7555448.2038676245,0.0,517319868.61642873,0.0,0.0,16108962.346238868,12136989.492502406,3971972.8537364644 
 01/21  22:02:00,,,,,,,,,,,,,,,,,,,,,,,,,,,,,,,,,,,,,0.3,0.086091009421 
 01/21  22:04:00,,,,,,,,,,,,,,,,,,,,,,,,,,,,,,,,,,,,,0.3,0.086091009421 
 01/21  22:06:00,,,,,,,,,,,,,,,,,,,,,,,,,,,,,,,,,,,,,0.3,0.086091009421 
 01/21  22:08:00,,,,,,,,,,,,,,,,,,,,,,,,,,,,,,,,,,,,,0.3,0.086091009421 
 01/21  22:10:00,,,,,,,,,,,,,,,,,,,,,,,,,,,,,,,,,,,,,0.3,0.086091009421 
 01/21  22:15:00,,,,,,,,,,,,,,,,,,,,,,,,,,,,,,,,,,,,,0.3,0.086091009421 
 01/21  22:20:00,,,,,,,,,,,,,,,,,,,,,,,,,,,,,,,,,,,,,0.3,0.086091009421 
 01/21  22:30:00,,,,,,,,,,,,,,,,,,,,,,,,,,,,,,,,,,,,,0.3,0.086091009421 
 01/21  22:32:00,,,,,,,,,,,,,,,,,,,,,,,,,,,,,,,,,,,,,0.3,0.086091009421 
 01/21  22:34:00,,,,,,,,,,,,,,,,,,,,,,,,,,,,,,,,,,,,,0.3,0.086091009421 
 01/21  22:36:00,,,,,,,,,,,,,,,,,,,,,,,,,,,,,,,,,,,,,0.3,0.086091009421 
 01/21  22:38:00,,,,,,,,,,,,,,,,,,,,,,,,,,,,,,,,,,,,,0.3,0.086091009421 
 01/21  22:40:00,,,,,,,,,,,,,,,,,,,,,,,,,,,,,,,,,,,,,0.3,0.086091009421 
 01/21  22:42:00,,,,,,,,,,,,,,,,,,,,,,,,,,,,,,,,,,,,,0.3,0.086091009421 
 01/21  22:44:00,,,,,,,,,,,,,,,,,,,,,,,,,,,,,,,,,,,,,0.3,0.086091009421 
 01/21  22:46:00,,,,,,,,,,,,,,,,,,,,,,,,,,,,,,,,,,,,,0.3,0.086091009421 
 01/21  22:48:00,,,,,,,,,,,,,,,,,,,,,,,,,,,,,,,,,,,,,0.3,0.086091009421 
 01/21  22:50:00,,,,,,,,,,,,,,,,,,,,,,,,,,,,,,,,,,,,,0.3,0.086091009421 
 01/21  22:55:00,,,,,,,,,,,,,,,,,,,,,,,,,,,,,,,,,,,,,0.3,0.086091009421 
 01/21  23:00:00,-20.599999999999998,0.0006125752582689679,100.0,20.923342476231273,20.898580487785225,20.671123574955434,18.657841112760394,18.34017482107204,20.1308091131106,20.085238417560603,20.18724857605791,20.210740408589984,20.10859841200491,20.119331740419526,20.157838750571784,20.2068774800689,20.10092315670396,20.06096855560084,20.11800478959211,20.032224714671383,10.40778630916448,0.0,423.45021978098765,0.0311968176,56.75561635424125,58.498987253424616,195.94112217431788,1.6666666666666667,1.6666666666666667,1.6666666666666667,0.8333333333333334,0.13244018952680306,0.8333333333333334,0.126467402143006,0.8333333333333334,0.0,0.3,0.086091009421,192058026.8305549,0.0,3095200.04183584,0.0,201106022.52510005,0.0,2992986.44871067,0.0,297174843.5955333,0.0,3356123.7642880194,0.0,728690768.685377,9444310.254834529,0.0,665921674.0917189,0.0,0.0,18788135.755793504,18716135.755793504,72000.0 
 01/21  23:10:00,,,,,,,,,,,,,,,,,,,,,,,,,,,,,,,,,,,,,0.3,0.086091009421 
 01/21  23:12:00,,,,,,,,,,,,,,,,,,,,,,,,,,,,,,,,,,,,,0.3,0.086091009421 
 01/21  23:14:00,,,,,,,,,,,,,,,,,,,,,,,,,,,,,,,,,,,,,0.3,0.086091009421 
 01/21  23:16:00,,,,,,,,,,,,,,,,,,,,,,,,,,,,,,,,,,,,,0.3,0.086091009421 
 01/21  23:18:00,,,,,,,,,,,,,,,,,,,,,,,,,,,,,,,,,,,,,0.3,0.086091009421 
 01/21  23:20:00,,,,,,,,,,,,,,,,,,,,,,,,,,,,,,,,,,,,,0.3,0.086091009421 
 01/21  23:22:00,,,,,,,,,,,,,,,,,,,,,,,,,,,,,,,,,,,,,0.3,0.086091009421 
 01/21  23:24:00,,,,,,,,,,,,,,,,,,,,,,,,,,,,,,,,,,,,,0.3,0.086091009421 
 01/21  23:26:00,,,,,,,,,,,,,,,,,,,,,,,,,,,,,,,,,,,,,0.3,0.086091009421 
 01/21  23:28:00,,,,,,,,,,,,,,,,,,,,,,,,,,,,,,,,,,,,,0.3,0.086091009421 
 01/21  23:30:00,,,,,,,,,,,,,,,,,,,,,,,,,,,,,,,,,,,,,0.3,0.086091009421 
 01/21  23:35:00,,,,,,,,,,,,,,,,,,,,,,,,,,,,,,,,,,,,,0.3,0.086091009421 
 01/21  23:40:00,,,,,,,,,,,,,,,,,,,,,,,,,,,,,,,,,,,,,0.3,0.086091009421 
 01/21  23:50:00,,,,,,,,,,,,,,,,,,,,,,,,,,,,,,,,,,,,,0.3,0.086091009421 
 01/21  23:52:00,,,,,,,,,,,,,,,,,,,,,,,,,,,,,,,,,,,,,0.3,0.086091009421 
 01/21  23:54:00,,,,,,,,,,,,,,,,,,,,,,,,,,,,,,,,,,,,,0.3,0.086091009421 
 01/21  23:56:00,,,,,,,,,,,,,,,,,,,,,,,,,,,,,,,,,,,,,0.3,0.086091009421 
 01/21  23:58:00,,,,,,,,,,,,,,,,,,,,,,,,,,,,,,,,,,,,,0.3,0.086091009421 
 01/21  24:00:00,-20.599999999999998,0.0006125752582689679,100.0,20.845185725959233,20.809600344984982,20.460131986436817,18.680980667377526,18.36313634762202,19.79002096485196,19.73585079411419,19.8189675760769,19.800394466723677,19.73748292459577,19.716271229586663,19.762992816529813,19.75698883290109,19.544279718739485,19.502093057507523,19.55318638467598,19.48120506394801,10.217712076568771,0.0,302.86298930363336,0.0311968176,57.67973520121108,59.463981517947154,69.97744681031412,1.3333333333333333,1.3333333333333333,1.3333333333333333,0.6666666666666666,0.10735930479714946,0.6666666666666666,0.10273845527466881,0.6666666666666666,0.0,0.3,0.086091009421,150441345.1841548,0.0,2476160.033468672,0.0,157555589.42559505,0.0,2394389.158968536,0.0,234224465.17203122,0.0,2684899.011430416,0.0,584638883.521588,7555448.2038676245,0.0,523758650.97889674,0.0,0.0,17604594.616615776,13634125.748770885,3970468.8678448903,15848764553.095608,5957979613.121544,0.28866239999999965,31893569373.161526,15848764553.095606,0.0,15848764553.095606,1646.5653164088699,43606908.717384435,0.28866239999999965,6830.113837238052,118905551948.08264,29.670483981931287,10.142913740636732,0.1335493402221604,0.0,0.0,0.29699916238943874,2.1173868625606884,5725.933585636401,11.848512332462946,0.0,0.17704923758629149,0.00009003251905196269,0.0004415477289425907,0.0,0.0 
 07/21  00:02:00,,,,,,,,,,,,,,,,,,,,,,,,,,,,,,,,,,,,,0.7354933942039312,0.44154852199983735 
 07/21  00:04:00,,,,,,,,,,,,,,,,,,,,,,,,,,,,,,,,,,,,,0.38057149752511826,0.11572395731562615 
 07/21  00:06:00,,,,,,,,,,,,,,,,,,,,,,,,,,,,,,,,,,,,,0.3095718503496005,0.08902590606146146 
 07/21  00:08:00,,,,,,,,,,,,,,,,,,,,,,,,,,,,,,,,,,,,,0.30751733925325625,0.08838371627076393 
 07/21  00:10:00,,,,,,,,,,,,,,,,,,,,,,,,,,,,,,,,,,,,,0.307476562750081,0.08837103885436412 
 07/21  00:13:19,,,,,,,,,,,,,,,,,,,,,,,,,,,,,,,,,,,,,0.30609715510441654,0.08794374101298787 
 07/21  00:16:40,,,,,,,,,,,,,,,,,,,,,,,,,,,,,,,,,,,,,0.3076512044905509,0.08842535362975529 
 07/21  00:20:00,,,,,,,,,,,,,,,,,,,,,,,,,,,,,,,,,,,,,0.30718535341069575,0.08828057894734329 
 07/21  00:30:00,,,,,,,,,,,,,,,,,,,,,,,,,,,,,,,,,,,,,0.3011015734879512,0.08642143244826375 
 07/21  00:32:00,,,,,,,,,,,,,,,,,,,,,,,,,,,,,,,,,,,,,0.3011015734879512,0.08642143244826375 
 07/21  00:34:00,,,,,,,,,,,,,,,,,,,,,,,,,,,,,,,,,,,,,0.3011015734879512,0.08642143244826375 
 07/21  00:36:00,,,,,,,,,,,,,,,,,,,,,,,,,,,,,,,,,,,,,0.3011015734879512,0.08642143244826375 
 07/21  00:38:00,,,,,,,,,,,,,,,,,,,,,,,,,,,,,,,,,,,,,0.3011015734879512,0.08642143244826375 
 07/21  00:40:00,,,,,,,,,,,,,,,,,,,,,,,,,,,,,,,,,,,,,0.3011015734879512,0.08642143244826375 
 07/21  00:42:00,,,,,,,,,,,,,,,,,,,,,,,,,,,,,,,,,,,,,0.7283428589322579,0.4308370120309386 
 07/21  00:44:00,,,,,,,,,,,,,,,,,,,,,,,,,,,,,,,,,,,,,0.3687488662532391,0.11063015403935253 
 07/21  00:46:00,,,,,,,,,,,,,,,,,,,,,,,,,,,,,,,,,,,,,0.30734378986780947,0.08832977813716963 
 07/21  00:48:00,,,,,,,,,,,,,,,,,,,,,,,,,,,,,,,,,,,,,0.30548827837305087,0.08775609157835407 
 07/21  00:50:00,,,,,,,,,,,,,,,,,,,,,,,,,,,,,,,,,,,,,0.30545330666685827,0.08774533150936004 
 07/21  00:55:00,,,,,,,,,,,,,,,,,,,,,,,,,,,,,,,,,,,,,0.30438047336914575,0.08741618292118096 
 07/21  01:00:00,22.051499999999994,0.017117074623747997,100.0,24.17990258878567,24.339643879465694,24.31934554729123,26.141033014459072,26.10943716992382,23.580827986510922,22.812859007274582,24.12859465241446,22.694096414474373,23.91019542279855,23.224046844966026,24.203899160338327,23.125450674415543,23.944301130681353,23.36815511600918,24.179429991244575,23.060311151853053,25.787169958992635,0.0,211.27597840368534,0.0311968176,58.38149921340633,59.570740933277555,56.040485541312506,1.6666666666666667,1.6666666666666667,1.6666666666666667,0.0,0.0,0.0,0.0,0.0,0.0,0.30536665395256113,0.08771867861074503,4227138.17281965,134824276.91086408,4227138.172819644,0.0,6004020.011434563,162300737.90529922,6004020.011434559,0.0,6280512.190833946,202575578.2714107,6280512.190833936,0.0,570486386.7715,16511670.37508814,114670026.36915952,0.0,192989952.8442144,192989952.8442144,72000.0,0.0,72000.0 
 07/21  01:10:00,,,,,,,,,,,,,,,,,,,,,,,,,,,,,,,,,,,,,0.3,0.086091009421 
 07/21  01:12:00,,,,,,,,,,,,,,,,,,,,,,,,,,,,,,,,,,,,,0.3,0.086091009421 
 07/21  01:14:00,,,,,,,,,,,,,,,,,,,,,,,,,,,,,,,,,,,,,0.3,0.086091009421 
 07/21  01:16:00,,,,,,,,,,,,,,,,,,,,,,,,,,,,,,,,,,,,,0.3,0.086091009421 
 07/21  01:18:00,,,,,,,,,,,,,,,,,,,,,,,,,,,,,,,,,,,,,0.3,0.086091009421 
 07/21  01:20:00,,,,,,,,,,,,,,,,,,,,,,,,,,,,,,,,,,,,,0.3,0.086091009421 
 07/21  01:22:00,,,,,,,,,,,,,,,,,,,,,,,,,,,,,,,,,,,,,0.7205489665287343,0.4193933709982852 
 07/21  01:24:00,,,,,,,,,,,,,,,,,,,,,,,,,,,,,,,,,,,,,0.36415530139386165,0.1087247505599864 
 07/21  01:26:00,,,,,,,,,,,,,,,,,,,,,,,,,,,,,,,,,,,,,0.30738444984398894,0.08834241071111482 
 07/21  01:28:00,,,,,,,,,,,,,,,,,,,,,,,,,,,,,,,,,,,,,0.30570069628049196,0.087821489792064 
 07/21  01:30:00,,,,,,,,,,,,,,,,,,,,,,,,,,,,,,,,,,,,,0.3056622981885133,0.08780966267591683 
 07/21  01:35:00,,,,,,,,,,,,,,,,,,,,,,,,,,,,,,,,,,,,,0.30282112366024616,0.08694100549856251 
 07/21  01:40:00,,,,,,,,,,,,,,,,,,,,,,,,,,,,,,,,,,,,,0.30376481477576905,0.0872281174291841 
 07/21  01:50:00,,,,,,,,,,,,,,,,,,,,,,,,,,,,,,,,,,,,,0.3,0.086091009421 
 07/21  01:52:00,,,,,,,,,,,,,,,,,,,,,,,,,,,,,,,,,,,,,0.3,0.086091009421 
 07/21  01:54:00,,,,,,,,,,,,,,,,,,,,,,,,,,,,,,,,,,,,,0.3,0.086091009421 
 07/21  01:56:00,,,,,,,,,,,,,,,,,,,,,,,,,,,,,,,,,,,,,0.3,0.086091009421 
 07/21  01:58:00,,,,,,,,,,,,,,,,,,,,,,,,,,,,,,,,,,,,,0.3,0.086091009421 
 07/21  02:00:00,21.534333333333336,0.016569972032583615,100.0,24.322667931919288,24.51980968554888,24.517682094935882,26.076665066489657,26.039744194724875,23.590832586415775,22.802538092392478,24.18360514242147,22.666867667557202,24.108944298861655,23.37391979622153,24.40223690675835,23.27322714800798,24.116237713070234,23.50470240856534,24.392223963197797,23.18755689218248,25.503972438767395,0.0,312.4357902724341,0.0311968176,57.6063792549489,58.747585777270196,163.49329065682798,1.3333333333333333,1.3333333333333333,1.3333333333333333,0.5,0.5,0.5,0.5,0.5,0.5,0.3,0.086091009421,3003376.0367116975,151927286.70636636,3003376.036711689,0.0,4356219.883466651,195638925.87005568,4356219.883466655,0.0,4421037.978374504,207775075.53442928,4421037.978374513,0.0,569525723.1456611,11780633.898552857,118440399.21985589,0.0,192989952.8442144,192989952.8442144,72000.0,0.0,72000.0 
 07/21  02:02:00,,,,,,,,,,,,,,,,,,,,,,,,,,,,,,,,,,,,,0.7111384961850155,0.4058943655221165 
 07/21  02:04:00,,,,,,,,,,,,,,,,,,,,,,,,,,,,,,,,,,,,,0.3590816649957783,0.1066671835926929 
 07/21  02:06:00,,,,,,,,,,,,,,,,,,,,,,,,,,,,,,,,,,,,,0.3067836736697141,0.08815602476275294 
 07/21  02:08:00,,,,,,,,,,,,,,,,,,,,,,,,,,,,,,,,,,,,,0.3052787467732601,0.08769165200772483 
 07/21  02:10:00,,,,,,,,,,,,,,,,,,,,,,,,,,,,,,,,,,,,,0.3052415622308857,0.08768022349576904 
 07/21  02:15:00,,,,,,,,,,,,,,,,,,,,,,,,,,,,,,,,,,,,,0.30134630953626496,0.08649509896287358 
 07/21  02:20:00,,,,,,,,,,,,,,,,,,,,,,,,,,,,,,,,,,,,,0.3022083397050055,0.08675531840643769 
 07/21  02:30:00,,,,,,,,,,,,,,,,,,,,,,,,,,,,,,,,,,,,,0.3,0.086091009421 
 07/21  02:32:00,,,,,,,,,,,,,,,,,,,,,,,,,,,,,,,,,,,,,0.3,0.086091009421 
 07/21  02:34:00,,,,,,,,,,,,,,,,,,,,,,,,,,,,,,,,,,,,,0.3,0.086091009421 
 07/21  02:36:00,,,,,,,,,,,,,,,,,,,,,,,,,,,,,,,,,,,,,0.3,0.086091009421 
 07/21  02:38:00,,,,,,,,,,,,,,,,,,,,,,,,,,,,,,,,,,,,,0.3,0.086091009421 
 07/21  02:40:00,,,,,,,,,,,,,,,,,,,,,,,,,,,,,,,,,,,,,0.3,0.086091009421 
 07/21  02:42:00,,,,,,,,,,,,,,,,,,,,,,,,,,,,,,,,,,,,,0.7025693010758192,0.3939012331896566 
 07/21  02:44:00,,,,,,,,,,,,,,,,,,,,,,,,,,,,,,,,,,,,,0.35449511232734293,0.10484898241103713 
 07/21  02:46:00,,,,,,,,,,,,,,,,,,,,,,,,,,,,,,,,,,,,,0.30624828679607247,0.08799040933433018 
 07/21  02:48:00,,,,,,,,,,,,,,,,,,,,,,,,,,,,,,,,,,,,,0.3048963521480481,0.08757422905135562 
 07/21  02:50:00,,,,,,,,,,,,,,,,,,,,,,,,,,,,,,,,,,,,,0.30486504429072053,0.08756462550295283 
 07/21  02:55:00,,,,,,,,,,,,,,,,,,,,,,,,,,,,,,,,,,,,,0.3,0.086091009421 
 07/21  03:00:00,21.16875,0.016193004809828025,100.0,24.165031342309657,24.336597982225317,24.30348631707633,26.03662841007677,26.047625399001717,23.42891018019775,22.59176313208499,24.019171271079404,22.39522379691117,23.830211736657095,23.08483847190601,24.19586850418791,22.947011720621152,23.79654802808264,23.1721436607486,24.150910239179836,22.82628353602234,25.361110181171284,0.0,282.6321457012842,0.0311968176,57.83471831804007,59.03811524921603,125.56478617773469,1.6666666666666667,1.6666666666666667,1.6666666666666667,0.8333333333333334,0.8333333333333334,0.8333333333333334,0.8333333333333334,0.8333333333333334,0.8333333333333334,0.3007178976914342,0.08630613244707634,4073497.0498237275,206513287.92982507,4073497.049823719,0.0,5766268.322430406,268041803.17480278,5766268.322430399,0.0,5769165.54352471,275084878.64996624,5769165.543524696,0.0,612611256.3071504,15608930.915778812,157697635.36411908,0.0,192989952.8442144,192989952.8442144,3970521.561602095,0.0,3970521.561602095 
 07/21  03:10:00,,,,,,,,,,,,,,,,,,,,,,,,,,,,,,,,,,,,,0.3,0.086091009421 
 07/21  03:12:00,,,,,,,,,,,,,,,,,,,,,,,,,,,,,,,,,,,,,0.3,0.086091009421 
 07/21  03:14:00,,,,,,,,,,,,,,,,,,,,,,,,,,,,,,,,,,,,,0.3,0.086091009421 
 07/21  03:16:00,,,,,,,,,,,,,,,,,,,,,,,,,,,,,,,,,,,,,0.3,0.086091009421 
 07/21  03:18:00,,,,,,,,,,,,,,,,,,,,,,,,,,,,,,,,,,,,,0.3,0.086091009421 
 07/21  03:20:00,,,,,,,,,,,,,,,,,,,,,,,,,,,,,,,,,,,,,0.3,0.086091009421 
 07/21  03:22:00,,,,,,,,,,,,,,,,,,,,,,,,,,,,,,,,,,,,,0.6942937220363112,0.38258619282999784 
 07/21  03:24:00,,,,,,,,,,,,,,,,,,,,,,,,,,,,,,,,,,,,,0.3501899262032395,0.10317795951040667 
 07/21  03:26:00,,,,,,,,,,,,,,,,,,,,,,,,,,,,,,,,,,,,,0.30578912664613184,0.08784873639466376 
 07/21  03:28:00,,,,,,,,,,,,,,,,,,,,,,,,,,,,,,,,,,,,,0.3045702612284415,0.08747427802320777 
 07/21  03:30:00,,,,,,,,,,,,,,,,,,,,,,,,,,,,,,,,,,,,,0.30454308751437165,0.08746595651344066 
 07/21  03:35:00,,,,,,,,,,,,,,,,,,,,,,,,,,,,,,,,,,,,,0.3,0.086091009421 
 07/21  03:40:00,,,,,,,,,,,,,,,,,,,,,,,,,,,,,,,,,,,,,0.3,0.086091009421 
 07/21  03:50:00,,,,,,,,,,,,,,,,,,,,,,,,,,,,,,,,,,,,,0.3,0.086091009421 
 07/21  03:52:00,,,,,,,,,,,,,,,,,,,,,,,,,,,,,,,,,,,,,0.3,0.086091009421 
 07/21  03:54:00,,,,,,,,,,,,,,,,,,,,,,,,,,,,,,,,,,,,,0.3,0.086091009421 
 07/21  03:56:00,,,,,,,,,,,,,,,,,,,,,,,,,,,,,,,,,,,,,0.3,0.086091009421 
 07/21  03:58:00,,,,,,,,,,,,,,,,,,,,,,,,,,,,,,,,,,,,,0.3,0.086091009421 
 07/21  04:00:00,20.847749999999998,0.015868576756972678,100.0,24.29056737691464,24.51611961199214,24.496126171463615,25.96904924964025,25.970754003080256,23.426586264598257,22.600807717437046,24.046850495474356,22.409956141831305,23.97629741962361,23.213559177274984,24.37297419971867,23.06717897139475,23.912288544657603,23.27985910454234,24.30988377594085,22.911989564528962,25.1252027797228,0.0,267.7254175909919,0.0311968176,57.948978967041626,59.090023098884444,118.7943576186217,1.3333333333333333,1.3333333333333333,1.3333333333333333,0.6666666666666666,0.6666666666666666,0.6666666666666666,0.6666666666666666,0.6666666666666666,0.6666666666666666,0.3,0.086091009421,2933618.8019421017,150621597.24618152,2933618.801942099,0.0,4237715.63219929,198866791.69082,4237715.632199292,0.0,4145234.273468944,202140185.59210795,4145234.2734689317,0.0,567188504.1743504,11316568.707610322,116567245.4394877,0.0,192989952.8442144,192989952.8442144,72000.0,0.0,72000.0 
 07/21  04:02:00,,,,,,,,,,,,,,,,,,,,,,,,,,,,,,,,,,,,,0.6862699237013122,0.3718629806854588 
 07/21  04:04:00,,,,,,,,,,,,,,,,,,,,,,,,,,,,,,,,,,,,,0.3457099011471971,0.10147521961334598 
 07/21  04:06:00,,,,,,,,,,,,,,,,,,,,,,,,,,,,,,,,,,,,,0.3052580214580613,0.08768528189974355 
 07/21  04:08:00,,,,,,,,,,,,,,,,,,,,,,,,,,,,,,,,,,,,,0.30416804022495303,0.08735122337437762 
 07/21  04:10:00,,,,,,,,,,,,,,,,,,,,,,,,,,,,,,,,,,,,,0.30414429687868744,0.08734396736063346 
 07/21  04:15:00,,,,,,,,,,,,,,,,,,,,,,,,,,,,,,,,,,,,,0.3,0.086091009421 
 07/21  04:20:00,,,,,,,,,,,,,,,,,,,,,,,,,,,,,,,,,,,,,0.3,0.086091009421 
 07/21  04:30:00,,,,,,,,,,,,,,,,,,,,,,,,,,,,,,,,,,,,,0.3,0.086091009421 
 07/21  04:32:00,,,,,,,,,,,,,,,,,,,,,,,,,,,,,,,,,,,,,0.3,0.086091009421 
 07/21  04:34:00,,,,,,,,,,,,,,,,,,,,,,,,,,,,,,,,,,,,,0.3,0.086091009421 
 07/21  04:36:00,,,,,,,,,,,,,,,,,,,,,,,,,,,,,,,,,,,,,0.3,0.086091009421 
 07/21  04:38:00,,,,,,,,,,,,,,,,,,,,,,,,,,,,,,,,,,,,,0.3,0.086091009421 
 07/21  04:40:00,,,,,,,,,,,,,,,,,,,,,,,,,,,,,,,,,,,,,0.3,0.086091009421 
 07/21  04:42:00,,,,,,,,,,,,,,,,,,,,,,,,,,,,,,,,,,,,,0.679210857065248,0.36262826442801754 
 07/21  04:44:00,,,,,,,,,,,,,,,,,,,,,,,,,,,,,,,,,,,,,0.34122699535962975,0.09980778192669812 
 07/21  04:46:00,,,,,,,,,,,,,,,,,,,,,,,,,,,,,,,,,,,,,0.30472262695388436,0.08752095915578229 
 07/21  04:48:00,,,,,,,,,,,,,,,,,,,,,,,,,,,,,,,,,,,,,0.3037548836343006,0.0872250886528363 
 07/21  04:50:00,,,,,,,,,,,,,,,,,,,,,,,,,,,,,,,,,,,,,0.30373412881856815,0.08721875939883583 
 07/21  04:55:00,,,,,,,,,,,,,,,,,,,,,,,,,,,,,,,,,,,,,0.3,0.086091009421 
 07/21  05:00:00,20.589166666666667,0.015611381877227467,100.0,24.13919833719815,24.33303014068801,24.28936319504875,25.938727247492185,25.98621525533243,23.307844610189374,22.426789776403684,23.923778136907583,22.174214981090937,23.730435226061047,22.98815040882053,24.17562471923408,22.781270977945734,23.637918789739448,23.02441764780228,24.053487065250064,22.574534066767427,25.039982246949823,0.0,342.3133986465784,0.0311968176,57.37741074655275,58.58498782833005,184.71303916447937,1.6666666666666667,1.6666666666666667,1.6666666666666667,0.8333333333333334,0.8333333333333334,0.8333333333333334,0.8333333333333334,0.8333333333333334,0.8333333333333334,0.3,0.086091009421,3956926.752837481,188375022.2096895,3956926.7528374707,0.0,5590337.84823309,244581875.45692456,5590337.848233091,0.0,5460493.353214424,247964509.76244593,5460493.353214412,0.0,571620229.9965369,15007757.954284973,143954982.01499945,0.0,192989952.8442144,192989952.8442144,3970319.907419151,0.0,3970319.907419151 
 07/21  05:10:00,,,,,,,,,,,,,,,,,,,,,,,,,,,,,,,,,,,,,0.3,0.086091009421 
 07/21  05:12:00,,,,,,,,,,,,,,,,,,,,,,,,,,,,,,,,,,,,,0.3,0.086091009421 
 07/21  05:14:00,,,,,,,,,,,,,,,,,,,,,,,,,,,,,,,,,,,,,0.3,0.086091009421 
 07/21  05:16:00,,,,,,,,,,,,,,,,,,,,,,,,,,,,,,,,,,,,,0.3,0.086091009421 
 07/21  05:18:00,,,,,,,,,,,,,,,,,,,,,,,,,,,,,,,,,,,,,0.3,0.086091009421 
 07/21  05:20:00,,,,,,,,,,,,,,,,,,,,,,,,,,,,,,,,,,,,,0.3,0.086091009421 
 07/21  05:22:00,,,,,,,,,,,,,,,,,,,,,,,,,,,,,,,,,,,,,0.7164083795558246,0.4134111932377003 
 07/21  05:24:00,,,,,,,,,,,,,,,,,,,,,,,,,,,,,,,,,,,,,0.34652530297331885,0.10178241068471869 
 07/21  05:26:00,,,,,,,,,,,,,,,,,,,,,,,,,,,,,,,,,,,,,0.307291982601965,0.08831368605116866 
 07/21  05:28:00,,,,,,,,,,,,,,,,,,,,,,,,,,,,,,,,,,,,,0.3062684275564769,0.08799663138751825 
 07/21  05:30:00,,,,,,,,,,,,,,,,,,,,,,,,,,,,,,,,,,,,,0.30624708895578495,0.08799003930772736 
 07/21  05:33:19,,,,,,,,,,,,,,,,,,,,,,,,,,,,,,,,,,,,,0.3060884691342296,0.08794105995318413 
 07/21  05:36:40,,,,,,,,,,,,,,,,,,,,,,,,,,,,,,,,,,,,,0.3061381920633392,0.08795640932826071 
 07/21  05:40:00,,,,,,,,,,,,,,,,,,,,,,,,,,,,,,,,,,,,,0.30612028062121166,0.0879508796473541 
 07/21  05:45:00,,,,,,,,,,,,,,,,,,,,,,,,,,,,,,,,,,,,,0.30690042805994044,0.0881922018663504 
 07/21  05:50:00,,,,,,,,,,,,,,,,,,,,,,,,,,,,,,,,,,,,,0.3068988088837419,0.08819170000575544 
 07/21  05:52:00,,,,,,,,,,,,,,,,,,,,,,,,,,,,,,,,,,,,,0.3068988088837419,0.08819170000575544 
 07/21  05:54:00,,,,,,,,,,,,,,,,,,,,,,,,,,,,,,,,,,,,,0.3068988088837419,0.08819170000575544 
 07/21  05:56:00,,,,,,,,,,,,,,,,,,,,,,,,,,,,,,,,,,,,,0.3068988088837419,0.08819170000575544 
 07/21  05:58:00,,,,,,,,,,,,,,,,,,,,,,,,,,,,,,,,,,,,,0.3068988088837419,0.08819170000575544 
 07/21  06:00:00,20.62483333333333,0.01564661381798291,100.0,24.286858485896104,24.518426354448493,24.485868650773046,25.94086129565991,25.93705003792223,23.4359919330781,23.846007224515144,24.26460718317311,22.340039955592843,23.98795828269077,24.257384269769933,24.47718268797949,23.005694882064773,23.856621040056627,24.255807040912256,24.437022850902938,22.773770773613546,24.92230987664421,0.0,330.2682789448311,0.031196817600000006,57.469724630913596,59.32663908708548,87.90633345866252,1.3333333333333337,1.3333333333333337,1.3333333333333337,0.6666666666666669,0.6666666666666669,0.6666666666666669,0.6666666666666669,0.6666666666666669,0.6666666666666669,0.3068988088837419,0.08819170000575544,3006585.0616488885,147535703.09693074,3006585.0616488867,0.0,4480612.125306423,198082802.03304785,4480612.125306424,0.0,4251254.445591811,197439182.0251009,4251254.445591813,0.0,512610730.3399786,11738451.632547121,114861988.68017915,0.0,192989952.8442144,192989952.8442144,72000.0,0.0,72000.0 
 07/21  06:02:00,,,,,,,,,,,,,,,,,,,,,,,,,,,,,,,,,,,,,0.8220000834325574,0.5880226604438216 
 07/21  06:04:00,,,,,,,,,,,,,,,,,,,,,,,,,,,,,,,,,,,,,0.48066139918545053,0.1710333071057119 
 07/21  06:06:00,,,,,,,,,,,,,,,,,,,,,,,,,,,,,,,,,,,,,0.3763391356255863,0.11386865174399263 
 07/21  06:08:00,,,,,,,,,,,,,,,,,,,,,,,,,,,,,,,,,,,,,0.3735101160419091,0.11264837263402053 
 07/21  06:10:00,,,,,,,,,,,,,,,,,,,,,,,,,,,,,,,,,,,,,0.3734006823766208,0.11260148656466146 
 07/21  06:15:00,,,,,,,,,,,,,,,,,,,,,,,,,,,,,,,,,,,,,0.3855492094724151,0.11795208202062152 
 07/21  06:20:00,,,,,,,,,,,,,,,,,,,,,,,,,,,,,,,,,,,,,0.38825496140276855,0.11918436405858948 
 07/21  06:30:00,,,,,,,,,,,,,,,,,,,,,,,,,,,,,,,,,,,,,0.38595685593821843,0.11813677962977659 
 07/21  06:40:00,,,,,,,,,,,,,,,,,,,,,,,,,,,,,,,,,,,,,0.3899165094712955,0.1199485240152631 
 07/21  06:50:00,,,,,,,,,,,,,,,,,,,,,,,,,,,,,,,,,,,,,0.39324918026778877,0.12149843391662604 
 07/21  07:00:00,21.150916666666664,0.016175900436227863,100.0,24.011475011258984,24.063274878959835,24.034753900227983,25.98332257933176,25.903731928532107,23.631563969606294,24.011109712541906,24.017789156762216,22.280035717746134,23.95280017016438,24.018435092696297,24.026150674125606,22.813196598343662,23.92247550630742,24.019290495571443,24.014454805016715,22.56350079331396,25.34157335225601,0.0,399.18430329376025,0.0311968176,56.9415794526823,58.632613154969,178.49710076148384,0.0,0.0,0.0,1.0,1.0,1.0,1.0,1.0,1.0,0.39616840991568963,0.12287504847075506,5900994.259591132,296222937.59979093,5900994.259591126,0.0,9551847.708272232,391340233.5814557,9551847.7082722,0.0,8461944.741790064,383944186.7357569,8461944.741790056,0.0,634058091.8503262,23914786.709653385,224133015.11342043,0.0,192989952.8442144,192989952.8442144,3970408.0359148006,0.0,3970408.0359148006 
 07/21  07:10:00,,,,,,,,,,,,,,,,,,,,,,,,,,,,,,,,,,,,,0.4772237020051441,0.16873818039135635 
 07/21  07:20:00,,,,,,,,,,,,,,,,,,,,,,,,,,,,,,,,,,,,,0.48287780632331745,0.1725291835848545 
 07/21  07:30:00,,,,,,,,,,,,,,,,,,,,,,,,,,,,,,,,,,,,,0.4863502994128565,0.17489839572246435 
 07/21  07:40:00,,,,,,,,,,,,,,,,,,,,,,,,,,,,,,,,,,,,,0.48952040762869803,0.17708875087049114 
 07/21  07:50:00,,,,,,,,,,,,,,,,,,,,,,,,,,,,,,,,,,,,,0.4925681696848329,0.17921945233353595 
 07/21  08:00:00,22.524083333333337,0.01763801654801009,100.0,23.99852263980719,23.998818569830032,23.99882286234673,25.79188529741711,25.82769269876924,23.831834968920543,23.998633895929316,23.99836544666768,22.34261643824452,23.998447518758564,23.99872776514481,23.99853470870293,22.887508090789513,23.998442153109192,23.99873027644458,23.998531923298362,22.609254260689653,25.40737526715429,0.0,728.2897121936389,0.0311968176,54.41873478499432,58.91559893376847,141.5599470768228,0.0,0.0,0.0,0.0,0.3589675826760992,0.0,0.32639476300792797,0.0,0.33158906585879183,0.49525201587716283,0.18111606412082537,7575870.971087908,284130421.1128239,7575870.971087906,0.0,9503574.72776922,303589701.89190704,9503574.727769222,0.0,8186901.078626599,300564351.85382557,8186901.078626594,0.0,649462867.8616366,25266346.777483717,197727769.5184391,0.0,192989952.8442144,233448414.38267595,3972447.267611918,0.0,3972447.267611918 
 07/21  08:10:00,,,,,,,,,,,,,,,,,,,,,,,,,,,,,,,,,,,,,0.5788663813804635,0.25034701402566334 
 07/21  08:20:00,,,,,,,,,,,,,,,,,,,,,,,,,,,,,,,,,,,,,0.5850666880632789,0.2563121097058644 
 07/21  08:30:00,,,,,,,,,,,,,,,,,,,,,,,,,,,,,,,,,,,,,0.5914487587685214,0.26257924760838297 
 07/21  08:40:00,,,,,,,,,,,,,,,,,,,,,,,,,,,,,,,,,,,,,0.5970025503665025,0.26813913942363066 
 07/21  08:50:00,,,,,,,,,,,,,,,,,,,,,,,,,,,,,,,,,,,,,0.601939003178438,0.2731647364235802 
 07/21  09:00:00,24.467916666666667,0.01878466684211136,94.65880759107152,23.99832564201458,23.998685900787933,23.998681806655572,25.668314104501864,25.83865857651584,23.997842644549703,23.998601352781368,23.998252692823787,22.59664031358932,23.998370160598455,23.998710221286473,23.998454091374516,23.09741053786311,23.998361426022456,23.998712710318312,23.998447800331082,22.82058168110892,25.541046415977103,0.0,1216.6659598278618,0.0311968176,50.67275510631456,59.15550694423947,110.24361192506383,0.0,0.0,0.0,0.0,0.2947835905505571,0.0,0.315799291607406,0.0,0.3195842224711668,0.6064401759092589,0.2778164735011158,11421141.445056252,353025864.9224576,11421141.445056245,0.0,10207296.352737162,335999504.8706042,10207296.352737159,0.0,8797173.89598936,335926954.67238516,8797173.895989364,0.0,730494085.2508551,30425611.69378276,234297216.49685293,0.0,192989952.8442144,272750919.8771814,3974423.343604313,0.0,3974423.343604313 
 07/21  09:10:00,,,,,,,,,,,,,,,,,,,,,,,,,,,,,,,,,,,,,0.548642937593518,0.22296905180624255 
 07/21  09:20:00,,,,,,,,,,,,,,,,,,,,,,,,,,,,,,,,,,,,,0.5515459214382246,0.22547883361285131 
 07/21  09:30:00,,,,,,,,,,,,,,,,,,,,,,,,,,,,,,,,,,,,,0.5529772789980206,0.22672554408324191 
 07/21  09:40:00,,,,,,,,,,,,,,,,,,,,,,,,,,,,,,,,,,,,,0.5545576555468397,0.2281091551991306 
 07/21  09:50:00,,,,,,,,,,,,,,,,,,,,,,,,,,,,,,,,,,,,,0.5560741122204597,0.22944383545487892 
 07/21  10:00:00,26.376083333333337,0.018788382826384457,84.51511056031256,23.998684343848236,23.99861676228495,23.998606809925537,25.780204503752902,25.857233084423502,23.99827084123551,23.998755839735363,23.99835828694586,22.846193973236797,23.998405432787134,23.998729936517872,23.998455864239986,23.325871089330317,23.99839591196374,23.998729819511823,23.99844720580531,23.065742746467578,25.715056358789713,0.0,1347.1115188959268,0.0311968176,49.671921014186076,58.8970792904459,143.97890368334603,0.0,0.0,0.0,0.0,0.31597581701983907,0.0,0.30752833144839237,0.0,0.3086752541953153,0.5573877975466542,0.23060563192112418,9803080.375073412,343580438.1462759,9803080.375073407,0.0,10819715.280384598,352528485.09790576,10819715.280384613,0.0,9429767.568132333,355850700.36613584,9429767.568132361,0.0,715310007.9096746,30052563.223590385,249541044.76872215,0.0,192989952.8442144,242696062.73432428,7877767.603481944,0.0,7877767.603481944 
 07/21  10:10:00,,,,,,,,,,,,,,,,,,,,,,,,,,,,,,,,,,,,,0.5443912064313708,0.21933820220714997 
 07/21  10:20:00,,,,,,,,,,,,,,,,,,,,,,,,,,,,,,,,,,,,,0.5449600086840204,0.2198208565516262 
 07/21  10:30:00,,,,,,,,,,,,,,,,,,,,,,,,,,,,,,,,,,,,,0.5450942643590349,0.21993491725366077 
 07/21  10:40:00,,,,,,,,,,,,,,,,,,,,,,,,,,,,,,,,,,,,,0.5451195322793958,0.2199563902556729 
 07/21  10:50:00,,,,,,,,,,,,,,,,,,,,,,,,,,,,,,,,,,,,,0.545014526051983,0.21986716693100222 
 07/21  11:00:00,28.070249999999998,0.018791689372680474,76.52870532670644,23.99859299371978,23.99860613556517,23.9985901893446,25.839217726863083,25.888645955503616,23.998417610827108,23.998727307261944,23.99839588041902,23.064573967346305,23.998507130761897,23.99873759649007,23.998488454810694,23.53082228176045,23.998497785107944,23.998732379294594,23.998477437345255,23.304347486923565,25.937390433297278,0.0,1365.842558303084,0.0311968176,49.52822732457954,59.007191604623564,129.60510667222806,0.0,0.0,0.0,0.0,0.32097186290052565,0.0,0.3044507325297219,0.0,0.3016426527328549,0.5448213153765048,0.2197030813810322,9481581.43077482,349347078.03299296,9481581.430774808,0.0,11064124.908597488,363579326.5636771,11064124.908597492,0.0,9885141.739143409,372072605.7847165,9885141.739143405,0.0,726084966.3477647,30430848.078515705,266873454.6156231,0.0,192989952.8442144,235760326.47058803,3975137.214600964,0.0,3975137.214600964 
 07/21  11:10:00,,,,,,,,,,,,,,,,,,,,,,,,,,,,,,,,,,,,,0.5583083508665774,0.23142284542757843 
 07/21  11:20:00,,,,,,,,,,,,,,,,,,,,,,,,,,,,,,,,,,,,,0.5582171322329221,0.2313417528573436 
 07/21  11:30:00,,,,,,,,,,,,,,,,,,,,,,,,,,,,,,,,,,,,,0.5582511063265977,0.23137195259841364 
 07/21  11:40:00,,,,,,,,,,,,,,,,,,,,,,,,,,,,,,,,,,,,,0.5584302847428456,0.23153128276917295 
 07/21  11:50:00,,,,,,,,,,,,,,,,,,,,,,,,,,,,,,,,,,,,,0.558941739141496,0.2319866143192069 
 07/21  12:00:00,29.363166666666668,0.018794215292499708,70.99663356494814,23.998481599525913,23.998593154428416,23.99857571346062,25.852639150987063,25.92486280449529,23.998508625856463,23.998667034314597,23.998406464155675,23.244843448901978,23.99858861120421,23.998705666300598,23.998514199896515,23.7001756485763,23.998580282926124,23.998697441034807,23.998503910323493,23.520795048745196,26.20743833620641,0.0,1621.3032165921513,0.0311968176,47.56847592060901,58.9908267147221,131.74243711057457,0.0,0.0,0.0,0.0,0.3130501506394913,0.0,0.30502595463822957,0.0,0.29717928798662846,0.559987756666358,0.23292031049478074,9998969.879731653,362455654.8164338,9998969.879731648,0.0,11017446.760250082,369775138.24638075,11017446.760250112,0.0,10197646.693650767,385144829.7538195,10197646.69365076,0.0,750133675.4577265,31214063.333632518,283203212.2067318,0.0,192989952.8442144,242696062.73432428,7880058.792324472,0.0,7880058.792324472 
 07/21  12:10:00,,,,,,,,,,,,,,,,,,,,,,,,,,,,,,,,,,,,,0.5966374330872447,0.26777056771626984 
 07/21  12:20:00,,,,,,,,,,,,,,,,,,,,,,,,,,,,,,,,,,,,,0.5981418582974605,0.26929199985700664 
 07/21  12:30:00,,,,,,,,,,,,,,,,,,,,,,,,,,,,,,,,,,,,,0.6000817573523854,0.27126465934649013 
 07/21  12:40:00,,,,,,,,,,,,,,,,,,,,,,,,,,,,,,,,,,,,,0.6015833123027061,0.2727999725685164 
 07/21  12:50:00,,,,,,,,,,,,,,,,,,,,,,,,,,,,,,,,,,,,,0.6027368946957036,0.27398448247775975 
 07/21  13:00:00,30.308333333333326,0.018796065085564848,67.24479048878274,23.99836293006577,23.998541231077496,23.99852967423064,25.823563379291837,25.946166778526678,23.998543050962002,23.9985274783345,23.99839764104084,23.66932411077239,23.99862517194408,23.998609878665373,23.998518654961995,23.947041374788842,23.99862234809605,23.99860683916315,23.998515104731847,23.877206591315097,26.47710630475277,0.0,1945.1480292659319,0.0311968176,45.08363737312735,58.93519318736793,139.0044343281938,0.0,0.0,0.0,0.0,0.2910757532242248,0.0,0.30130624225996266,0.0,0.28893515584712065,0.6061113156056858,0.27747436326706926,11739159.360520909,385815930.61144686,11739159.360520924,0.0,11329166.556693833,378180448.0305111,11329166.556693837,0.0,10830325.206368757,400795143.1078242,10830325.20636874,0.0,789629499.7804435,33898651.1235835,302675108.0801571,0.0,192989952.8442144,260035403.3936649,11788307.158411533,0.0,11788307.158411533 
 07/21  13:10:00,,,,,,,,,,,,,,,,,,,,,,,,,,,,,,,,,,,,,0.5866101222970866,0.2578158668771933 
 07/21  13:20:00,,,,,,,,,,,,,,,,,,,,,,,,,,,,,,,,,,,,,0.5910526646213257,0.2621865043706693 
 07/21  13:30:00,,,,,,,,,,,,,,,,,,,,,,,,,,,,,,,,,,,,,0.5945028026451183,0.2656243568712589 
 07/21  13:40:00,,,,,,,,,,,,,,,,,,,,,,,,,,,,,,,,,,,,,0.5979667713453644,0.2691145568038085 
 07/21  13:50:00,,,,,,,,,,,,,,,,,,,,,,,,,,,,,,,,,,,,,0.6012942279681436,0.27250381814569924 
 07/21  14:00:00,30.97708333333333,0.01879737442156374,64.72416140792247,23.99849878375358,23.99849936487064,23.998496370796275,25.876174419167796,25.93701151387265,23.998616420149094,23.998533241512188,23.99844635973197,23.99773501184249,23.998637060404832,23.998578104255227,23.998515740511106,23.99842750390756,23.998636436345027,23.998579308652584,23.998517971132582,23.998397138371047,26.694485239489357,0.0,1846.1447201681458,0.0311968176,45.843310173766525,59.04229708488188,125.02345107908785,0.0,0.0,0.0,0.0,0.29349308170072064,0.0,0.2909455189572599,0.0,0.27450492937093124,0.604443090996787,0.2757443950785319,11526344.493103936,386642783.1876364,11526344.493103918,0.0,12272389.032659702,390963298.4422493,12272389.032659698,0.0,12117186.18071297,421806119.9996846,12117186.18071296,0.0,794840543.8776052,35915919.706476584,317428444.03398615,0.0,192989952.8442144,248475842.95410454,7882416.939758621,0.0,7882416.939758621 
 07/21  14:10:00,,,,,,,,,,,,,,,,,,,,,,,,,,,,,,,,,,,,,0.5807301457247279,0.25212735760650623 
 07/21  14:20:00,,,,,,,,,,,,,,,,,,,,,,,,,,,,,,,,,,,,,0.5827273671275428,0.2540473020529312 
 07/21  14:30:00,,,,,,,,,,,,,,,,,,,,,,,,,,,,,,,,,,,,,0.584048205724163,0.2553239426260105 
 07/21  14:40:00,,,,,,,,,,,,,,,,,,,,,,,,,,,,,,,,,,,,,0.5853262696773726,0.25656448995547687 
 07/21  14:50:00,,,,,,,,,,,,,,,,,,,,,,,,,,,,,,,,,,,,,0.5864208049467533,0.25763100965750385 
 07/21  15:00:00,31.2,0.018797812636237657,63.906562167118985,23.998578842032078,23.99855017495012,23.99855749151621,25.916450151232095,25.9331178799265,23.998639016190058,23.998537728856153,23.9984763312692,23.99853225736105,23.9986525506386,23.998579866478394,23.99853259891056,23.998573057438154,23.998653260963493,23.998584682913105,23.998539461555385,23.998577223790406,26.86402921397935,0.0,1223.5450853954098,0.0311968176,50.619970661797616,58.94708472291621,137.45154985056803,0.0,0.0,0.0,0.0,0.299242535844535,0.0,0.2837959161522746,0.0,0.2636666656336548,0.5876071156785714,0.25879125105058937,11033763.364112088,382665908.32104754,11033763.364112068,0.0,12999046.501132123,398212852.92863613,12999046.501132155,0.0,13261714.238484861,436692997.06212074,13261714.238484846,0.0,790484533.011731,37294524.10372908,324409345.25437605,0.0,192989952.8442144,235760326.47058803,3974338.2856073747,0.0,3974338.2856073747 
 07/21  15:10:00,,,,,,,,,,,,,,,,,,,,,,,,,,,,,,,,,,,,,0.5878974156543612,0.25907585316019727 
 07/21  15:20:00,,,,,,,,,,,,,,,,,,,,,,,,,,,,,,,,,,,,,0.5879056845020525,0.2590839636395536 
 07/21  15:30:00,,,,,,,,,,,,,,,,,,,,,,,,,,,,,,,,,,,,,0.5877006698518454,0.2588829397021736 
 07/21  15:40:00,,,,,,,,,,,,,,,,,,,,,,,,,,,,,,,,,,,,,0.587280259059363,0.25847113068903754 
 07/21  15:50:00,,,,,,,,,,,,,,,,,,,,,,,,,,,,,,,,,,,,,0.5866767041460503,0.25788090717623674 
 07/21  16:00:00,30.825499999999995,0.018797077757142875,65.2862341477679,23.99857894365411,23.99862757101903,23.998641815379845,25.930057823472424,25.945153548896712,23.99861653439481,23.99852467906077,23.99848228299442,23.998644628502607,23.99865369553635,23.99858859429385,23.99855434889631,23.998681992450077,23.99865588177587,23.998596561261653,23.998564592834153,23.998684754308815,26.992662797536337,0.0,1181.7596652191176,0.0311968176,50.94057665886313,59.00139487030023,130.3600318366126,0.0,0.0,0.0,0.0,0.29783598616634627,0.0,0.28203339708375896,0.0,0.25877813734702226,0.5859116055894837,0.2571343710280111,11149126.882994292,382061881.2806618,11149126.882994324,0.0,13189255.140766468,397402117.17622435,13189255.140766464,0.0,13840331.141431594,441655260.71201575,13840331.141431589,0.0,789418580.9442048,38178713.16519238,322459204.1253864,0.0,192989952.8442144,235760326.47058803,7876386.55824074,0.0,7876386.55824074 
 07/21  16:10:00,,,,,,,,,,,,,,,,,,,,,,,,,,,,,,,,,,,,,0.6063823982410775,0.27775634220044854 
 07/21  16:20:00,,,,,,,,,,,,,,,,,,,,,,,,,,,,,,,,,,,,,0.6048350188082074,0.2761500082267591 
 07/21  16:30:00,,,,,,,,,,,,,,,,,,,,,,,,,,,,,,,,,,,,,0.6044531892064665,0.2757548395787953 
 07/21  16:40:00,,,,,,,,,,,,,,,,,,,,,,,,,,,,,,,,,,,,,0.6038731397474925,0.2751554403794659 
 07/21  16:50:00,,,,,,,,,,,,,,,,,,,,,,,,,,,,,,,,,,,,,0.6025195812882373,0.27376101079712123 
 07/21  17:00:00,30.058666666666664,0.018795576385312374,68.21245205499419,23.998502049880468,23.99862773827644,23.99864733484915,25.91501355823351,25.96513736137516,23.99855264726072,23.99850710845654,23.998461902803026,23.9986996229426,23.998622770111524,23.998592946032414,23.998557388439735,23.99875139180234,23.99863132393501,23.998605163134453,23.998573288111785,23.99875490822552,27.068470267761,0.0,1528.0634171558174,0.0311968176,48.28380077191241,58.921566586836924,140.78334389469146,0.0,0.0,0.0,0.0,0.2896752312356707,0.0,0.284502347465254,0.0,0.2585966288542289,0.600597469706012,0.2717911383895086,11867026.649893317,385721506.80104595,11867026.649893329,0.0,12923223.679052142,391269298.39817727,12923223.679052178,0.0,13862650.87501233,438989633.9706058,13862650.87501232,0.0,792831474.5840254,38652901.203957826,314994305.3308371,0.0,192989952.8442144,246163930.8661924,7879398.122226398,0.0,7879398.122226398 
 07/21  17:10:00,,,,,,,,,,,,,,,,,,,,,,,,,,,,,,,,,,,,,0.6374301079650623,0.31167873886778075 
 07/21  17:20:00,,,,,,,,,,,,,,,,,,,,,,,,,,,,,,,,,,,,,0.6345989960294514,0.3084497082858615 
 07/21  17:30:00,,,,,,,,,,,,,,,,,,,,,,,,,,,,,,,,,,,,,0.6340908900615797,0.3078731153595727 
 07/21  17:40:00,,,,,,,,,,,,,,,,,,,,,,,,,,,,,,,,,,,,,0.6324760433989102,0.30604650653077764 
 07/21  17:50:00,,,,,,,,,,,,,,,,,,,,,,,,,,,,,,,,,,,,,0.6296673326079977,0.30289080496106785 
 07/21  18:00:00,29.07783333333333,0.018793658648012287,72.17401472791536,23.998473048734564,23.99863649047614,23.998665788520857,25.8731105255245,25.988928142686593,23.998507890870496,23.94669332748944,23.998415630264905,23.998720528227718,23.99860821602969,23.998592138509107,23.99854337261286,23.998793098433065,23.99862225796886,23.998607901429555,23.99856737845401,23.99879696141349,27.08547116946231,0.0,957.360700119054,0.0311968176,52.66204372591486,59.075065890976596,120.74509445379117,0.0,0.0,0.0,0.0,0.27661931551453733,0.0,0.2908837283592562,0.0,0.2627425102110007,0.6254853817608597,0.298242159409907,13195924.753594,393301595.5256268,13195924.753594011,0.0,12278602.02472638,380851660.8522672,12278602.024726398,0.0,13368522.912926942,429480846.03315544,13368522.912926918,0.0,800914569.3646595,38843049.69124733,304391954.92088515,0.0,192989952.8442144,264659227.56948918,3973297.5086511467,0.0,3973297.5086511467 
 07/21  18:10:00,,,,,,,,,,,,,,,,,,,,,,,,,,,,,,,,,,,,,0.5021816746969999,0.1861019118339194 
 07/21  18:20:00,,,,,,,,,,,,,,,,,,,,,,,,,,,,,,,,,,,,,0.4922442511896413,0.17899183646139416 
 07/21  18:30:00,,,,,,,,,,,,,,,,,,,,,,,,,,,,,,,,,,,,,0.4782829411298911,0.16944213449977039 
 07/21  18:40:00,,,,,,,,,,,,,,,,,,,,,,,,,,,,,,,,,,,,,0.46154300970202644,0.1586489293826749 
 07/21  18:50:00,,,,,,,,,,,,,,,,,,,,,,,,,,,,,,,,,,,,,0.4441660525135131,0.14817609792703143 
 07/21  19:00:00,27.695749999999993,0.018790957456427934,78.21594336569208,23.998982720968943,23.99874058022597,23.998773463849943,26.15104667913792,26.06376594721689,23.99865465776577,23.649246463647682,23.998674682097345,23.998941310768316,23.99864322264163,23.98210847475299,23.998660706938505,23.998870386544947,23.998657700029344,23.998639129175302,23.998676039152937,23.998869973583144,27.098260659412873,0.0,799.6296241951077,0.0311968176,53.87171997382992,58.97708300699232,133.5350348021365,0.0,0.0,0.0,0.0,0.37517149163778635,0.0,0.3178320000244759,0.0,0.2849218837038043,0.4275579633315347,0.1388356841662935,7048133.271986359,314292179.9594166,7048133.271986359,0.0,10147757.34489328,352024930.9316128,10147757.344893262,0.0,11239177.84826411,397877826.87897193,11239177.848264124,0.0,686901158.4491124,28435068.465143744,258584327.42924368,0.0,192989952.8442144,206861425.371687,3972549.4931580178,0.0,3972549.4931580178 
 07/21  19:10:00,,,,,,,,,,,,,,,,,,,,,,,,,,,,,,,,,,,,,0.3984618977023373,0.12396911397340724 
 07/21  19:20:00,,,,,,,,,,,,,,,,,,,,,,,,,,,,,,,,,,,,,0.3906392866737694,0.12028271059582274 
 07/21  19:30:00,,,,,,,,,,,,,,,,,,,,,,,,,,,,,,,,,,,,,0.38653796477069874,0.11840065610318223 
 07/21  19:40:00,,,,,,,,,,,,,,,,,,,,,,,,,,,,,,,,,,,,,0.3830687551961418,0.11683551419000077 
 07/21  19:50:00,,,,,,,,,,,,,,,,,,,,,,,,,,,,,,,,,,,,,0.3800572714321935,0.115496628157989 
 07/21  20:00:00,26.340416666666666,0.01878831278209954,84.66702380546965,23.998822051372642,23.998792311190115,23.998824910670155,26.320449039075978,26.146352382086263,23.99855584740467,23.31639241156974,23.99860157370958,23.802872249745064,23.99860953772269,23.79590058649951,23.998638460728234,23.99631344569524,23.99863000570366,23.998614658036292,23.998654050774736,23.998762352471644,27.06873096804998,0.0,630.1668817461426,0.0311968176,55.17106784842668,58.7940687072838,157.4250972845276,0.0,0.0,0.0,0.0,0.4532262525016794,0.0,0.3570214550736617,0.0,0.320035215296629,0.37736115112027563,0.11431339132141519,5100228.835577661,275608633.6424812,5100228.835577683,0.0,7907405.13700116,319457591.8108311,7907405.137001163,0.0,8779789.871898176,359315575.5854067,8779789.87189817,0.0,680274435.7532957,21787423.844477016,223440897.7057421,0.0,192989952.8442144,197613777.0200386,3971773.643204119,0.0,3971773.643204119 
 07/21  20:10:00,,,,,,,,,,,,,,,,,,,,,,,,,,,,,,,,,,,,,0.3749797201269902,0.11328030168523254 
 07/21  20:20:00,,,,,,,,,,,,,,,,,,,,,,,,,,,,,,,,,,,,,0.3727929011392189,0.11234151589124883 
 07/21  20:30:00,,,,,,,,,,,,,,,,,,,,,,,,,,,,,,,,,,,,,0.3707087451133403,0.11145554932958379 
 07/21  20:40:00,,,,,,,,,,,,,,,,,,,,,,,,,,,,,,,,,,,,,0.3687451168020275,0.11062858213590679 
 07/21  20:50:00,,,,,,,,,,,,,,,,,,,,,,,,,,,,,,,,,,,,,0.3669114881459498,0.1098631255089578 
 07/21  21:00:00,25.28825,0.018786263682413828,90.09705420550897,23.9986989257894,23.998763135935672,23.99880006554027,26.288034563430784,26.12496178630752,23.994545333640804,23.09557704290324,23.99845830510002,23.33060617945299,23.99853530829817,23.616977237884313,23.998533224039914,23.799844101960176,23.998565705414524,23.940891194813474,23.99856314693312,23.837389241116906,26.869816229396054,0.0,665.530402486862,0.0311968176,54.89993685439987,58.973974628297725,133.94045908875395,0.0,0.0,0.0,0.0,0.47276910523634014,0.0,0.36879307384554044,0.0,0.3344861821555265,0.36568892471585934,0.10935637190234965,4795547.603975571,264800985.82056755,4795547.603975576,0.0,7415437.770113932,308253732.7813555,7415437.77011391,0.0,8052649.781165801,342403345.6379924,8052649.781165831,0.0,673860801.9316722,20263635.155255318,209668652.57334024,0.0,192989952.8442144,197613777.0200386,72000.0,0.0,72000.0 
 07/21  21:10:00,,,,,,,,,,,,,,,,,,,,,,,,,,,,,,,,,,,,,0.3557174190863302,0.10532967942460986 
 07/21  21:20:00,,,,,,,,,,,,,,,,,,,,,,,,,,,,,,,,,,,,,0.35386133717889146,0.1046008329369825 
 07/21  21:30:00,,,,,,,,,,,,,,,,,,,,,,,,,,,,,,,,,,,,,0.3525495636642291,0.10408958786451347 
 07/21  21:40:00,,,,,,,,,,,,,,,,,,,,,,,,,,,,,,,,,,,,,0.35133454664927855,0.10361889305119773 
 07/21  21:50:00,,,,,,,,,,,,,,,,,,,,,,,,,,,,,,,,,,,,,0.3501952591163118,0.10318000828109358 
 07/21  22:00:00,24.32525,0.018784389150601623,95.4198025697807,23.998709917709252,23.998764306918506,23.998802837291894,26.261756647203963,26.079511165734626,23.89374454348918,22.91592254097044,23.998398401129887,22.984846371586315,23.998504598492428,23.46148636718424,23.998498955594496,23.517212228593298,23.998539107359978,23.77145716279226,23.99853397559094,23.534804282161588,26.60114074614984,0.0,343.5700823835546,0.0311968176,57.36777886995733,59.32224267065718,88.47885899968627,0.0,0.0,0.0,0.0,0.4967050521027123,0.0,0.3758236704088536,0.0,0.3449727446599451,0.3491188419131013,0.10276753379692635,4483917.8522844585,252477972.3375511,4483917.852284473,0.0,7152829.89815504,299534237.3480438,7152829.898155058,0.0,7601831.974832327,328241694.89933515,7601831.974832362,0.0,656667709.9946206,19238579.725271896,198124440.2420964,0.0,192989952.8442144,192989952.8442144,3971065.6878082803,0.0,3971065.6878082803 
 07/21  22:02:00,,,,,,,,,,,,,,,,,,,,,,,,,,,,,,,,,,,,,0.3491188419131013,0.10276753379692635 
 07/21  22:04:00,,,,,,,,,,,,,,,,,,,,,,,,,,,,,,,,,,,,,0.3491188419131013,0.10276753379692635 
 07/21  22:06:00,,,,,,,,,,,,,,,,,,,,,,,,,,,,,,,,,,,,,0.5943612798744033,0.2654825856464331 
 07/21  22:08:00,,,,,,,,,,,,,,,,,,,,,,,,,,,,,,,,,,,,,0.31907759913798517,0.09208624290565384 
 07/21  22:10:00,,,,,,,,,,,,,,,,,,,,,,,,,,,,,,,,,,,,,0.3113522774319572,0.08958790857490034 
 07/21  22:15:00,,,,,,,,,,,,,,,,,,,,,,,,,,,,,,,,,,,,,0.30503623440722677,0.08761715625039473 
 07/21  22:20:00,,,,,,,,,,,,,,,,,,,,,,,,,,,,,,,,,,,,,0.3107325216164548,0.08939169891636861 
 07/21  22:30:00,,,,,,,,,,,,,,,,,,,,,,,,,,,,,,,,,,,,,0.3075372429206141,0.08838990528514065 
 07/21  22:32:00,,,,,,,,,,,,,,,,,,,,,,,,,,,,,,,,,,,,,0.3075372429206141,0.08838990528514065 
 07/21  22:34:00,,,,,,,,,,,,,,,,,,,,,,,,,,,,,,,,,,,,,0.3075372429206141,0.08838990528514065 
 07/21  22:36:00,,,,,,,,,,,,,,,,,,,,,,,,,,,,,,,,,,,,,0.3075372429206141,0.08838990528514065 
 07/21  22:38:00,,,,,,,,,,,,,,,,,,,,,,,,,,,,,,,,,,,,,0.3075372429206141,0.08838990528514065 
 07/21  22:40:00,,,,,,,,,,,,,,,,,,,,,,,,,,,,,,,,,,,,,0.3075372429206141,0.08838990528514065 
 07/21  22:42:00,,,,,,,,,,,,,,,,,,,,,,,,,,,,,,,,,,,,,0.7601708073242925,0.4801065659390466 
 07/21  22:44:00,,,,,,,,,,,,,,,,,,,,,,,,,,,,,,,,,,,,,0.39363482514348114,0.12167927197032785 
 07/21  22:46:00,,,,,,,,,,,,,,,,,,,,,,,,,,,,,,,,,,,,,0.3132317744396236,0.09018674582591897 
 07/21  22:48:00,,,,,,,,,,,,,,,,,,,,,,,,,,,,,,,,,,,,,0.3108255786938013,0.08942112045343395 
 07/21  22:50:00,,,,,,,,,,,,,,,,,,,,,,,,,,,,,,,,,,,,,0.31078040678270785,0.08940683685968748 
 07/21  22:53:19,,,,,,,,,,,,,,,,,,,,,,,,,,,,,,,,,,,,,0.3129657936978202,0.09010165175762141 
 07/21  22:56:40,,,,,,,,,,,,,,,,,,,,,,,,,,,,,,,,,,,,,0.31448780242956387,0.0905901391385926 
 07/21  23:00:00,23.487083333333334,0.018643269531411908,99.6026538985975,24.218901601188545,24.313548232874084,24.317887930257424,26.247992342933426,26.15506953528154,23.839515358640128,23.078372111805965,24.20746537879965,23.090014546944513,24.13243602062596,23.48935927775879,24.262705615467,23.508623868471275,24.19426813500496,23.714196938812716,24.263915949626554,23.510660986636793,26.328115613567153,0.0,326.91348150974267,0.0311968176,57.49543752487659,58.64725950838493,176.58849343731063,1.5333333333333339,1.6000000000000003,1.6000000000000003,0.0,0.0,0.0,0.0,0.0,0.0,0.31395033668103367,0.09041720843725326,3817132.2125613685,131844307.01044068,3817132.2125613703,0.0,5657862.421767176,157101285.29336312,5657862.42176718,0.0,6077946.793500711,200031512.31185877,6077946.793500707,0.0,569328663.1511947,15552941.427829258,114471031.69611305,0.0,192989952.8442144,192989952.8442144,72000.0,0.0,72000.0 
 07/21  23:10:00,,,,,,,,,,,,,,,,,,,,,,,,,,,,,,,,,,,,,0.30719141677400685,0.08828246106408214 
 07/21  23:12:00,,,,,,,,,,,,,,,,,,,,,,,,,,,,,,,,,,,,,0.30719141677400685,0.08828246106408214 
 07/21  23:14:00,,,,,,,,,,,,,,,,,,,,,,,,,,,,,,,,,,,,,0.30719141677400685,0.08828246106408214 
 07/21  23:16:00,,,,,,,,,,,,,,,,,,,,,,,,,,,,,,,,,,,,,0.30719141677400685,0.08828246106408214 
 07/21  23:18:00,,,,,,,,,,,,,,,,,,,,,,,,,,,,,,,,,,,,,0.30719141677400685,0.08828246106408214 
 07/21  23:20:00,,,,,,,,,,,,,,,,,,,,,,,,,,,,,,,,,,,,,0.30719141677400685,0.08828246106408214 
 07/21  23:22:00,,,,,,,,,,,,,,,,,,,,,,,,,,,,,,,,,,,,,0.743918259636612,0.45443281483747794 
 07/21  23:24:00,,,,,,,,,,,,,,,,,,,,,,,,,,,,,,,,,,,,,0.38909877215929856,0.11957172993478485 
 07/21  23:26:00,,,,,,,,,,,,,,,,,,,,,,,,,,,,,,,,,,,,,0.312035234286828,0.08980484661363383 
 07/21  23:28:00,,,,,,,,,,,,,,,,,,,,,,,,,,,,,,,,,,,,,0.309703164571933,0.08906718178645923 
 07/21  23:30:00,,,,,,,,,,,,,,,,,,,,,,,,,,,,,,,,,,,,,0.30965734539075845,0.08905277639050613 
 07/21  23:33:19,,,,,,,,,,,,,,,,,,,,,,,,,,,,,,,,,,,,,0.31089005409814235,0.08944151361825592 
 07/21  23:36:40,,,,,,,,,,,,,,,,,,,,,,,,,,,,,,,,,,,,,0.312328723127873,0.08989830413466655 
 07/21  23:40:00,,,,,,,,,,,,,,,,,,,,,,,,,,,,,,,,,,,,,0.3118162158914163,0.08973519417783624 
 07/21  23:50:00,,,,,,,,,,,,,,,,,,,,,,,,,,,,,,,,,,,,,0.3049390104136813,0.08758731678154708 
 07/21  23:52:00,,,,,,,,,,,,,,,,,,,,,,,,,,,,,,,,,,,,,0.3049390104136813,0.08758731678154708 
 07/21  23:54:00,,,,,,,,,,,,,,,,,,,,,,,,,,,,,,,,,,,,,0.3049390104136813,0.08758731678154708 
 07/21  23:56:00,,,,,,,,,,,,,,,,,,,,,,,,,,,,,,,,,,,,,0.3049390104136813,0.08758731678154708 
 07/21  23:58:00,,,,,,,,,,,,,,,,,,,,,,,,,,,,,,,,,,,,,0.3049390104136813,0.08758731678154708 
 07/21  24:00:00,22.738083333333332,0.01786823307018887,100.0,24.33982831285296,24.52629197403515,24.542177430615514,26.17922098180611,26.105912242988037,23.81066061820732,23.061545899917856,24.300285460570493,23.024248664562254,24.241412928080866,23.563774563907618,24.441871881261203,23.54113496840674,24.31668609059615,23.764982903025352,24.450232883386118,23.52236937690711,26.027511986346713,0.0,259.34483396416186,0.031196817600000006,58.01315117500109,59.22058453304132,101.74522920301615,1.3333333333333337,1.3333333333333337,1.3333333333333337,0.0,0.0,0.0,0.0,0.0,0.0,0.3049390104136813,0.08758731678154708,3120311.3242719774,108754796.48800948,3120311.32427199,0.0,4575755.612897477,128759801.85810243,4575755.612897485,0.0,4781143.112146462,163894421.94261038,4781143.112146472,0.0,544732098.1881889,12477210.049315946,92950198.11162058,0.0,192989952.8442144,192989952.8442144,3970920.5996243367,0.0,3970920.5996243367,16179470594.443916,99283537.72325024,0.6031584000000012,32551018007.725765,16179470594.443918,0.0,16179470594.443918,1595.3666521246448,61710472.53387593,0.6031584000000012,6972.633457710934,114853223078.99005,30.287995560787124,10.071562715197315,0.12999403048218236,0.0,0.0,0.28171742153780605,1.9228466256562051,5533.69777443687,12.089405668718479,0.0,0.16512793539084106,0.0000912470551547565,0.00044948684050718715,0.0,0.0 
