Time,VAV_1:DesPer 1:Des Heat Mass Flow [kg/s],VAV_1:DesPer 1:Des Heat Cap [W],VAV_1:DesPer 1:Des Cool Mass Flow [kg/s],VAV_1:DesPer 1:Des Sens Cool Cap [W],VAV_1:DesPer 1:Des Tot Cool Cap [W],VAV_1:DesPer 2:Des Heat Mass Flow [kg/s],VAV_1:DesPer 2:Des Heat Cap [W],VAV_1:DesPer 2:Des Cool Mass Flow [kg/s],VAV_1:DesPer 2:Des Sens Cool Cap [W],VAV_1:DesPer 2:Des Tot Cool Cap [W],VAV_2:DesPer 1:Des Heat Mass Flow [kg/s],VAV_2:DesPer 1:Des Heat Cap [W],VAV_2:DesPer 1:Des Cool Mass Flow [kg/s],VAV_2:DesPer 1:Des Sens Cool Cap [W],VAV_2:DesPer 1:Des Tot Cool Cap [W],VAV_2:DesPer 2:Des Heat Mass Flow [kg/s],VAV_2:DesPer 2:Des Heat Cap [W],VAV_2:DesPer 2:Des Cool Mass Flow [kg/s],VAV_2:DesPer 2:Des Sens Cool Cap [W],VAV_2:DesPer 2:Des Tot Cool Cap [W],VAV_3:DesPer 1:Des Heat Mass Flow [kg/s],VAV_3:DesPer 1:Des Heat Cap [W],VAV_3:DesPer 1:Des Cool Mass Flow [kg/s],VAV_3:DesPer 1:Des Sens Cool Cap [W],VAV_3:DesPer 1:Des Tot Cool Cap [W],VAV_3:DesPer 2:Des Heat Mass Flow [kg/s],VAV_3:DesPer 2:Des Heat Cap [W],VAV_3:DesPer 2:Des Cool Mass Flow [kg/s],VAV_3:DesPer 2:Des Sens Cool Cap [W],VAV_3:DesPer 2:Des Tot Cool Cap [W]
00:10:00,2.251155E+00,4.519742E+04,1.313795E+00,0.000000E+00,0.000000E+00,1.313795E+00,0.000000E+00,2.389586E+00,2.888187E+04,6.113086E+04,2.367447E+00,4.469565E+04,1.313795E+00,0.000000E+00,0.000000E+00,1.313795E+00,0.000000E+00,3.740566E+00,4.594225E+04,7.948431E+04,3.382608E+00,4.031394E+04,1.313795E+00,0.000000E+00,0.000000E+00,1.313795E+00,0.000000E+00,4.203484E+00,5.151559E+04,8.533998E+04
00:20:00,2.251273E+00,4.519691E+04,1.313795E+00,0.000000E+00,0.000000E+00,1.313795E+00,0.000000E+00,2.365130E+00,2.841258E+04,6.017547E+04,2.367643E+00,4.469480E+04,1.313795E+00,0.000000E+00,0.000000E+00,1.313795E+00,0.000000E+00,3.715750E+00,4.550012E+04,7.853578E+04,3.385418E+00,4.030181E+04,1.313795E+00,0.000000E+00,0.000000E+00,1.313795E+00,0.000000E+00,4.154356E+00,5.078727E+04,8.408489E+04
00:30:00,2.251389E+00,4.519641E+04,1.313795E+00,0.000000E+00,0.000000E+00,1.313795E+00,0.000000E+00,2.341236E+00,2.794960E+04,5.923729E+04,2.367839E+00,4.469396E+04,1.313795E+00,0.000000E+00,0.000000E+00,1.313795E+00,0.000000E+00,3.691310E+00,4.506216E+04,7.761157E+04,3.388129E+00,4.029010E+04,1.313795E+00,0.000000E+00,0.000000E+00,1.313795E+00,0.000000E+00,4.106192E+00,5.006952E+04,8.286464E+04
00:40:00,2.251504E+00,4.519592E+04,1.313795E+00,0.000000E+00,0.000000E+00,1.313795E+00,0.000000E+00,2.317867E+00,2.749247E+04,5.831424E+04,2.368034E+00,4.469312E+04,1.313795E+00,0.000000E+00,0.000000E+00,1.313795E+00,0.000000E+00,3.667239E+00,4.462829E+04,7.670652E+04,3.390747E+00,4.027880E+04,1.313795E+00,0.000000E+00,0.000000E+00,1.313795E+00,0.000000E+00,4.058951E+00,4.936187E+04,8.167177E+04
00:50:00,2.251617E+00,4.519543E+04,1.313795E+00,0.000000E+00,0.000000E+00,1.313795E+00,0.000000E+00,2.294992E+00,2.704082E+04,5.740474E+04,2.368228E+00,4.469228E+04,1.313795E+00,0.000000E+00,0.000000E+00,1.313795E+00,0.000000E+00,3.643523E+00,4.419837E+04,7.581701E+04,3.393277E+00,4.026788E+04,1.313795E+00,0.000000E+00,0.000000E+00,1.313795E+00,0.000000E+00,4.012600E+00,4.866392E+04,8.050134E+04
01:00:00,2.251728E+00,4.519495E+04,1.313795E+00,0.000000E+00,0.000000E+00,1.313795E+00,0.000000E+00,2.272585E+00,2.659435E+04,5.650752E+04,2.368421E+00,4.469145E+04,1.313795E+00,0.000000E+00,0.000000E+00,1.313795E+00,0.000000E+00,3.620150E+00,4.377226E+04,7.494042E+04,3.395722E+00,4.025732E+04,1.313795E+00,0.000000E+00,0.000000E+00,1.313795E+00,0.000000E+00,3.967121E+00,4.797552E+04,7.935017E+04
01:10:00,2.251842E+00,4.519446E+04,1.313795E+00,0.000000E+00,0.000000E+00,1.313795E+00,0.000000E+00,2.255266E+00,2.626384E+04,5.586828E+04,2.368625E+00,4.469057E+04,1.313795E+00,0.000000E+00,0.000000E+00,1.313795E+00,0.000000E+00,3.601828E+00,4.345478E+04,7.431262E+04,3.398103E+00,4.024704E+04,1.313795E+00,0.000000E+00,0.000000E+00,1.313795E+00,0.000000E+00,3.927214E+00,4.740089E+04,7.845276E+04
01:20:00,2.251955E+00,4.519397E+04,1.313795E+00,0.000000E+00,0.000000E+00,1.313795E+00,0.000000E+00,2.238658E+00,2.594239E+04,5.524397E+04,2.368827E+00,4.468970E+04,1.313795E+00,0.000000E+00,0.000000E+00,1.313795E+00,0.000000E+00,3.584136E+00,4.314479E+04,7.370009E+04,3.400408E+00,4.023709E+04,1.313795E+00,0.000000E+00,0.000000E+00,1.313795E+00,0.000000E+00,3.888382E+00,4.683854E+04,7.757586E+04
01:30:00,2.252067E+00,4.519349E+04,1.313795E+00,0.000000E+00,0.000000E+00,1.313795E+00,0.000000E+00,2.222669E+00,2.562881E+04,5.463251E+04,2.369028E+00,4.468883E+04,1.313795E+00,0.000000E+00,0.000000E+00,1.313795E+00,0.000000E+00,3.566975E+00,4.284108E+04,7.309978E+04,3.402640E+00,4.022745E+04,1.313795E+00,0.000000E+00,0.000000E+00,1.313795E+00,0.000000E+00,3.850541E+00,4.628750E+04,7.671641E+04
01:40:00,2.252177E+00,4.519301E+04,1.313795E+00,0.000000E+00,0.000000E+00,1.313795E+00,0.000000E+00,2.207276E+00,2.532288E+04,5.403310E+04,2.369228E+00,4.468796E+04,1.313795E+00,0.000000E+00,0.000000E+00,1.313795E+00,0.000000E+00,3.550328E+00,4.254349E+04,7.251032E+04,3.404803E+00,4.021811E+04,1.313795E+00,0.000000E+00,0.000000E+00,1.313795E+00,0.000000E+00,3.813693E+00,4.574784E+04,7.587319E+04
01:50:00,2.252285E+00,4.519255E+04,1.313795E+00,0.000000E+00,0.000000E+00,1.313795E+00,0.000000E+00,2.192462E+00,2.502441E+04,5.344511E+04,2.369428E+00,4.468710E+04,1.313795E+00,0.000000E+00,0.000000E+00,1.313795E+00,0.000000E+00,3.534182E+00,4.225188E+04,7.193077E+04,3.406899E+00,4.020906E+04,1.313795E+00,0.000000E+00,0.000000E+00,1.313795E+00,0.000000E+00,3.777826E+00,4.521946E+04,7.504523E+04
02:00:00,2.252393E+00,4.519208E+04,1.313795E+00,0.000000E+00,0.000000E+00,1.313795E+00,0.000000E+00,2.178212E+00,2.473327E+04,5.286805E+04,2.369626E+00,4.468625E+04,1.313795E+00,0.000000E+00,0.000000E+00,1.313795E+00,0.000000E+00,3.518529E+00,4.196616E+04,7.136046E+04,3.408932E+00,4.020029E+04,1.313795E+00,0.000000E+00,0.000000E+00,1.313795E+00,0.000000E+00,3.742927E+00,4.470226E+04,7.423186E+04
02:10:00,2.252498E+00,4.519163E+04,1.313795E+00,0.000000E+00,0.000000E+00,1.313795E+00,0.000000E+00,2.164387E+00,2.447105E+04,5.238470E+04,2.369823E+00,4.468540E+04,1.313795E+00,0.000000E+00,0.000000E+00,1.313795E+00,0.000000E+00,3.503231E+00,4.170818E+04,7.088232E+04,3.410904E+00,4.019177E+04,1.313795E+00,0.000000E+00,0.000000E+00,1.313795E+00,0.000000E+00,3.708857E+00,4.421808E+04,7.351604E+04
02:20:00,2.252603E+00,4.519118E+04,1.313795E+00,0.000000E+00,0.000000E+00,1.313795E+00,0.000000E+00,2.150966E+00,2.421399E+04,5.190915E+04,2.370019E+00,4.468455E+04,1.313795E+00,0.000000E+00,0.000000E+00,1.313795E+00,0.000000E+00,3.488272E+00,4.145420E+04,7.041119E+04,3.412817E+00,4.018351E+04,1.313795E+00,0.000000E+00,0.000000E+00,1.313795E+00,0.000000E+00,3.675589E+00,4.374307E+04,7.281262E+04
02:30:00,2.252706E+00,4.519073E+04,1.313795E+00,0.000000E+00,0.000000E+00,1.313795E+00,0.000000E+00,2.137939E+00,2.396196E+04,5.144099E+04,2.370213E+00,4.468371E+04,1.313795E+00,0.000000E+00,0.000000E+00,1.313795E+00,0.000000E+00,3.473641E+00,4.120413E+04,6.994638E+04,3.414674E+00,4.017549E+04,1.313795E+00,0.000000E+00,0.000000E+00,1.313795E+00,0.000000E+00,3.643101E+00,4.327701E+04,7.212073E+04
02:40:00,2.252805E+00,4.519030E+04,1.313795E+00,0.000000E+00,0.000000E+00,1.313795E+00,0.000000E+00,2.125294E+00,2.371484E+04,5.097987E+04,2.370403E+00,4.468289E+04,1.313795E+00,0.000000E+00,0.000000E+00,1.313795E+00,0.000000E+00,3.459332E+00,4.095787E+04,6.948742E+04,3.416446E+00,4.016785E+04,1.313795E+00,0.000000E+00,0.000000E+00,1.313795E+00,0.000000E+00,3.611373E+00,4.281968E+04,7.143976E+04
02:50:00,2.252901E+00,4.518989E+04,1.313795E+00,0.000000E+00,0.000000E+00,1.313795E+00,0.000000E+00,2.113023E+00,2.347254E+04,5.052553E+04,2.370589E+00,4.468209E+04,1.313795E+00,0.000000E+00,0.000000E+00,1.313795E+00,0.000000E+00,3.445339E+00,4.071538E+04,6.903397E+04,3.418141E+00,4.016053E+04,1.313795E+00,0.000000E+00,0.000000E+00,1.313795E+00,0.000000E+00,3.580390E+00,4.237092E+04,7.076925E+04
03:00:00,2.252995E+00,4.518948E+04,1.313795E+00,0.000000E+00,0.000000E+00,1.313795E+00,0.000000E+00,2.101116E+00,2.323499E+04,5.007777E+04,2.370772E+00,4.468130E+04,1.313795E+00,0.000000E+00,0.000000E+00,1.313795E+00,0.000000E+00,3.431659E+00,4.047661E+04,6.858581E+04,3.419773E+00,4.015348E+04,1.313795E+00,0.000000E+00,0.000000E+00,1.313795E+00,0.000000E+00,3.550136E+00,4.193058E+04,7.010886E+04
03:10:00,2.253087E+00,4.518908E+04,1.313795E+00,0.000000E+00,0.000000E+00,1.313795E+00,0.000000E+00,2.089435E+00,2.300024E+04,4.963415E+04,2.370953E+00,4.468052E+04,1.313795E+00,0.000000E+00,0.000000E+00,1.313795E+00,0.000000E+00,3.418150E+00,4.023985E+04,6.814076E+04,3.421349E+00,4.014668E+04,1.313795E+00,0.000000E+00,0.000000E+00,1.313795E+00,0.000000E+00,3.520463E+00,4.149685E+04,6.945635E+04
03:20:00,2.253178E+00,4.518870E+04,1.313795E+00,0.000000E+00,0.000000E+00,1.313795E+00,0.000000E+00,2.077967E+00,2.276810E+04,4.919439E+04,2.371131E+00,4.467975E+04,1.313795E+00,0.000000E+00,0.000000E+00,1.313795E+00,0.000000E+00,3.404800E+00,4.000491E+04,6.769854E+04,3.422871E+00,4.014010E+04,1.313795E+00,0.000000E+00,0.000000E+00,1.313795E+00,0.000000E+00,3.491343E+00,4.106940E+04,6.881128E+04
03:30:00,2.253266E+00,4.518831E+04,1.313795E+00,0.000000E+00,0.000000E+00,1.313795E+00,0.000000E+00,2.066699E+00,2.253845E+04,4.875829E+04,2.371308E+00,4.467899E+04,1.313795E+00,0.000000E+00,0.000000E+00,1.313795E+00,0.000000E+00,3.391599E+00,3.977171E+04,6.725898E+04,3.424345E+00,4.013374E+04,1.313795E+00,0.000000E+00,0.000000E+00,1.313795E+00,0.000000E+00,3.462753E+00,4.064796E+04,6.817330E+04
03:40:00,2.253356E+00,4.518793E+04,1.313795E+00,0.000000E+00,0.000000E+00,1.313795E+00,0.000000E+00,2.055624E+00,2.231118E+04,4.832566E+04,2.371487E+00,4.467822E+04,1.313795E+00,0.000000E+00,0.000000E+00,1.313795E+00,0.000000E+00,3.378541E+00,3.954016E+04,6.682192E+04,3.425803E+00,4.012744E+04,1.313795E+00,0.000000E+00,0.000000E+00,1.313795E+00,0.000000E+00,3.434670E+00,4.023228E+04,6.754211E+04
03:50:00,2.253446E+00,4.518754E+04,1.313795E+00,0.000000E+00,0.000000E+00,1.313795E+00,0.000000E+00,2.044733E+00,2.208616E+04,4.789635E+04,2.371668E+00,4.467744E+04,1.313795E+00,0.000000E+00,0.000000E+00,1.313795E+00,0.000000E+00,3.365619E+00,3.931017E+04,6.638726E+04,3.427243E+00,4.012123E+04,1.313795E+00,0.000000E+00,0.000000E+00,1.313795E+00,0.000000E+00,3.407076E+00,3.982214E+04,6.691744E+04
04:00:00,2.253536E+00,4.518715E+04,1.313795E+00,0.000000E+00,0.000000E+00,1.313795E+00,0.000000E+00,2.034018E+00,2.186330E+04,4.747021E+04,2.371848E+00,4.467666E+04,1.313795E+00,0.000000E+00,0.000000E+00,1.313795E+00,0.000000E+00,3.352827E+00,3.908168E+04,6.595489E+04,3.428653E+00,4.011514E+04,1.313795E+00,0.000000E+00,0.000000E+00,1.313795E+00,0.000000E+00,3.379953E+00,3.941734E+04,6.629907E+04
04:10:00,2.253624E+00,4.518677E+04,1.313795E+00,0.000000E+00,0.000000E+00,1.313795E+00,0.000000E+00,2.023607E+00,2.166797E+04,4.713261E+04,2.372028E+00,4.467588E+04,1.313795E+00,0.000000E+00,0.000000E+00,1.313795E+00,0.000000E+00,3.340299E+00,3.887989E+04,6.560993E+04,3.430033E+00,4.010918E+04,1.313795E+00,0.000000E+00,0.000000E+00,1.313795E+00,0.000000E+00,3.353427E+00,3.904296E+04,6.577198E+04
04:20:00,2.253713E+00,4.518639E+04,1.313795E+00,0.000000E+00,0.000000E+00,1.313795E+00,0.000000E+00,2.013499E+00,2.147665E+04,4.680032E+04,2.372207E+00,4.467511E+04,1.313795E+00,0.000000E+00,0.000000E+00,1.313795E+00,0.000000E+00,3.328041E+00,3.868132E+04,6.526993E+04,3.431381E+00,4.010336E+04,1.313795E+00,0.000000E+00,0.000000E+00,1.313795E+00,0.000000E+00,3.327496E+00,3.867548E+04,6.525371E+04
04:30:00,2.253800E+00,4.518601E+04,1.313795E+00,0.000000E+00,0.000000E+00,1.313795E+00,0.000000E+00,2.003694E+00,2.128935E+04,4.647325E+04,2.372385E+00,4.467434E+04,1.313795E+00,0.000000E+00,0.000000E+00,1.313795E+00,0.000000E+00,3.316055E+00,3.848601E+04,6.493462E+04,3.432699E+00,4.009767E+04,1.313795E+00,0.000000E+00,0.000000E+00,1.313795E+00,0.000000E+00,3.302161E+00,3.831492E+04,6.474394E+04
04:40:00,2.253887E+00,4.518564E+04,1.313795E+00,0.000000E+00,0.000000E+00,1.313795E+00,0.000000E+00,1.994190E+00,2.110608E+04,4.615134E+04,2.372562E+00,4.467358E+04,1.313795E+00,0.000000E+00,0.000000E+00,1.313795E+00,0.000000E+00,3.304341E+00,3.829397E+04,6.460381E+04,3.433985E+00,4.009212E+04,1.313795E+00,0.000000E+00,0.000000E+00,1.313795E+00,0.000000E+00,3.277421E+00,3.796129E+04,6.424247E+04
04:50:00,2.253972E+00,4.518527E+04,1.313795E+00,0.000000E+00,0.000000E+00,1.313795E+00,0.000000E+00,1.985262E+00,2.093079E+04,4.583924E+04,2.372739E+00,4.467282E+04,1.313795E+00,0.000000E+00,0.000000E+00,1.313795E+00,0.000000E+00,3.293210E+00,3.810905E+04,6.428187E+04,3.435241E+00,4.008670E+04,1.313795E+00,0.000000E+00,0.000000E+00,1.313795E+00,0.000000E+00,3.253572E+00,3.761828E+04,6.375351E+04
05:00:00,2.254057E+00,4.518490E+04,1.313795E+00,0.000000E+00,0.000000E+00,1.313795E+00,0.000000E+00,1.982325E+00,2.084187E+04,4.562940E+04,2.372914E+00,4.467206E+04,1.313795E+00,0.000000E+00,0.000000E+00,1.313795E+00,0.000000E+00,3.288642E+00,3.800560E+04,6.405550E+04,3.436467E+00,4.008140E+04,1.313795E+00,0.000000E+00,0.000000E+00,1.313795E+00,0.000000E+00,3.236464E+00,3.735866E+04,6.336204E+04
05:10:00,2.254141E+00,4.518454E+04,1.313795E+00,0.000000E+00,0.000000E+00,1.313795E+00,0.000000E+00,1.993321E+00,2.105205E+04,4.598560E+04,2.373088E+00,4.467131E+04,1.313795E+00,0.000000E+00,0.000000E+00,1.313795E+00,0.000000E+00,3.299397E+00,3.818966E+04,6.437282E+04,3.437664E+00,4.007623E+04,1.313795E+00,0.000000E+00,0.000000E+00,1.313795E+00,0.000000E+00,3.234804E+00,3.738826E+04,6.351657E+04
05:20:00,2.254223E+00,4.518418E+04,1.313795E+00,0.000000E+00,0.000000E+00,1.313795E+00,0.000000E+00,2.022997E+00,2.153759E+04,4.665188E+04,2.373261E+00,4.467056E+04,1.313795E+00,0.000000E+00,0.000000E+00,1.313795E+00,0.000000E+00,3.330792E+00,3.863592E+04,6.497091E+04,3.438833E+00,4.007119E+04,1.313795E+00,0.000000E+00,0.000000E+00,1.313795E+00,0.000000E+00,3.253766E+00,3.768086E+04,6.395349E+04
05:30:00,2.254305E+00,4.518383E+04,1.313795E+00,0.000000E+00,0.000000E+00,1.313795E+00,0.000000E+00,2.075561E+00,2.235282E+04,4.768525E+04,2.373433E+00,4.466982E+04,1.313795E+00,0.000000E+00,0.000000E+00,1.313795E+00,0.000000E+00,3.386840E+00,3.939231E+04,6.589683E+04,3.439973E+00,4.006626E+04,1.313795E+00,0.000000E+00,0.000000E+00,1.313795E+00,0.000000E+00,3.297392E+00,3.828566E+04,6.472195E+04
05:40:00,2.254386E+00,4.518348E+04,1.313795E+00,0.000000E+00,0.000000E+00,1.313795E+00,0.000000E+00,2.150074E+00,2.346527E+04,4.903973E+04,2.373603E+00,4.466909E+04,1.313795E+00,0.000000E+00,0.000000E+00,1.313795E+00,0.000000E+00,3.466062E+00,4.043014E+04,6.711247E+04,3.441087E+00,4.006146E+04,1.313795E+00,0.000000E+00,0.000000E+00,1.313795E+00,0.000000E+00,3.364347E+00,3.917634E+04,6.578630E+04
05:50:00,2.254466E+00,4.518314E+04,1.313795E+00,0.000000E+00,0.000000E+00,1.313795E+00,0.000000E+00,2.244648E+00,2.482290E+04,5.065501E+04,2.373773E+00,4.466836E+04,1.313795E+00,0.000000E+00,0.000000E+00,1.313795E+00,0.000000E+00,3.566161E+00,4.170762E+04,6.857957E+04,3.442175E+00,4.005676E+04,1.313795E+00,0.000000E+00,0.000000E+00,1.313795E+00,0.000000E+00,3.452436E+00,4.031246E+04,6.710891E+04
06:00:00,2.254545E+00,4.518280E+04,1.313795E+00,0.000000E+00,0.000000E+00,1.313795E+00,0.000000E+00,2.352651E+00,2.632487E+04,5.241594E+04,2.373941E+00,4.466763E+04,1.313795E+00,0.000000E+00,0.000000E+00,1.313795E+00,0.000000E+00,3.679898E+00,4.313304E+04,7.020241E+04,3.443236E+00,4.005218E+04,1.313795E+00,0.000000E+00,0.000000E+00,1.313795E+00,0.000000E+00,3.554658E+00,4.160450E+04,6.859580E+04
06:10:00,2.210713E+00,4.537146E+04,1.313795E+00,0.000000E+00,0.000000E+00,1.313795E+00,0.000000E+00,2.562222E+00,2.931093E+04,5.611144E+04,2.330171E+00,4.485595E+04,1.313795E+00,0.000000E+00,0.000000E+00,1.313795E+00,0.000000E+00,3.895525E+00,4.592896E+04,7.360719E+04,3.400323E+00,4.023639E+04,1.313795E+00,0.000000E+00,0.000000E+00,1.313795E+00,0.000000E+00,3.759399E+00,4.428163E+04,7.188255E+04
06:20:00,2.166437E+00,4.556207E+04,1.313795E+00,0.000000E+00,0.000000E+00,1.313795E+00,0.000000E+00,2.772060E+00,3.221952E+04,5.996089E+04,2.285951E+00,4.504625E+04,1.313795E+00,0.000000E+00,0.000000E+00,1.313795E+00,0.000000E+00,4.110203E+00,4.868206E+04,7.747290E+04,3.352129E+00,4.044339E+04,1.313795E+00,0.000000E+00,0.000000E+00,1.313795E+00,0.000000E+00,3.964613E+00,4.693334E+04,7.562317E+04
06:30:00,2.121754E+00,4.575454E+04,1.313795E+00,0.000000E+00,0.000000E+00,1.313795E+00,0.000000E+00,2.974069E+00,3.496137E+04,6.361779E+04,2.241311E+00,4.523847E+04,1.313795E+00,0.000000E+00,0.000000E+00,1.313795E+00,0.000000E+00,4.315848E+00,5.130140E+04,8.109447E+04,3.296340E+00,4.068329E+04,1.313795E+00,0.000000E+00,0.000000E+00,1.313795E+00,0.000000E+00,4.162717E+00,4.947373E+04,7.915249E+04
06:40:00,2.076824E+00,4.594821E+04,1.313795E+00,0.000000E+00,0.000000E+00,1.313795E+00,0.000000E+00,3.166962E+00,3.753160E+04,6.707875E+04,2.196414E+00,4.543194E+04,1.313795E+00,0.000000E+00,0.000000E+00,1.313795E+00,0.000000E+00,4.511725E+00,5.378155E+04,8.449194E+04,3.234407E+00,4.094989E+04,1.313795E+00,0.000000E+00,0.000000E+00,1.313795E+00,0.000000E+00,4.352980E+00,5.189683E+04,8.248736E+04
06:50:00,2.031726E+00,4.614261E+04,1.313795E+00,0.000000E+00,0.000000E+00,1.313795E+00,0.000000E+00,3.350636E+00,3.993862E+04,7.035271E+04,2.151337E+00,4.562618E+04,1.313795E+00,0.000000E+00,0.000000E+00,1.313795E+00,0.000000E+00,4.697948E+00,5.612700E+04,8.768808E+04,3.167762E+00,4.123679E+04,1.313795E+00,0.000000E+00,0.000000E+00,1.313795E+00,0.000000E+00,4.535380E+00,5.420488E+04,8.564624E+04
07:00:00,1.986500E+00,4.633758E+04,1.313795E+00,0.000000E+00,0.000000E+00,1.313795E+00,0.000000E+00,3.524853E+00,4.218779E+04,7.344439E+04,2.106120E+00,4.582104E+04,1.313795E+00,0.000000E+00,0.000000E+00,1.313795E+00,0.000000E+00,4.874257E+00,5.833784E+04,9.069720E+04,3.097281E+00,4.154025E+04,1.313795E+00,0.000000E+00,0.000000E+00,1.313795E+00,0.000000E+00,4.709489E+00,5.639553E+04,8.863946E+04
07:10:00,1.985052E+00,4.634383E+04,1.313795E+00,0.000000E+00,0.000000E+00,1.313795E+00,0.000000E+00,3.719739E+00,4.503015E+04,7.777469E+04,2.104726E+00,4.582704E+04,1.313795E+00,0.000000E+00,0.000000E+00,1.313795E+00,0.000000E+00,4.943290E+00,5.954741E+04,9.314112E+04,3.067429E+00,4.166903E+04,1.313795E+00,0.000000E+00,0.000000E+00,1.313795E+00,0.000000E+00,4.777829E+00,5.759943E+04,9.108077E+04
07:20:00,1.983869E+00,4.634894E+04,1.313795E+00,0.000000E+00,0.000000E+00,1.313795E+00,0.000000E+00,3.913076E+00,4.781756E+04,8.186971E+04,2.103684E+00,4.583152E+04,1.313795E+00,0.000000E+00,0.000000E+00,1.313795E+00,0.000000E+00,5.000227E+00,6.061467E+04,9.542465E+04,3.039883E+00,4.178787E+04,1.313795E+00,0.000000E+00,0.000000E+00,1.313795E+00,0.000000E+00,4.834871E+00,5.866990E+04,9.337133E+04
07:30:00,1.982907E+00,4.635304E+04,1.313795E+00,0.000000E+00,0.000000E+00,1.313795E+00,0.000000E+00,4.102059E+00,5.050934E+04,8.588770E+04,2.102973E+00,4.583452E+04,1.313795E+00,0.000000E+00,0.000000E+00,1.313795E+00,0.000000E+00,5.048491E+00,6.158000E+04,9.760263E+04,3.017260E+00,4.188538E+04,1.313795E+00,0.000000E+00,0.000000E+00,1.313795E+00,0.000000E+00,4.883574E+00,5.964202E+04,9.555995E+04
07:40:00,1.982025E+00,4.635671E+04,1.313795E+00,0.000000E+00,0.000000E+00,1.313795E+00,0.000000E+00,4.288865E+00,5.313086E+04,8.986718E+04,2.102439E+00,4.583666E+04,1.313795E+00,0.000000E+00,0.000000E+00,1.313795E+00,0.000000E+00,5.091545E+00,6.248430E+04,9.972481E+04,2.998358E+00,4.196672E+04,1.313795E+00,0.000000E+00,0.000000E+00,1.313795E+00,0.000000E+00,4.927237E+00,6.055489E+04,9.769417E+04
07:50:00,1.981172E+00,4.636029E+04,1.313795E+00,0.000000E+00,0.000000E+00,1.313795E+00,0.000000E+00,4.474889E+00,5.569726E+04,9.382021E+04,2.102009E+00,4.583839E+04,1.313795E+00,0.000000E+00,0.000000E+00,1.313795E+00,0.000000E+00,5.131581E+00,6.335334E+04,1.018181E+05,2.981959E+00,4.203733E+04,1.313795E+00,0.000000E+00,0.000000E+00,1.313795E+00,0.000000E+00,4.968130E+00,6.143529E+04,9.980206E+04
08:00:00,1.980327E+00,4.636385E+04,1.313795E+00,0.000000E+00,0.000000E+00,1.313795E+00,0.000000E+00,4.661185E+00,5.821889E+04,9.775682E+04,2.101645E+00,4.583986E+04,1.313795E+00,0.000000E+00,0.000000E+00,1.313795E+00,0.000000E+00,5.170216E+00,6.420601E+04,1.039060E+05,2.967369E+00,4.210021E+04,1.313795E+00,0.000000E+00,0.000000E+00,1.313795E+00,0.000000E+00,5.008010E+00,6.230380E+04,1.019092E+05
08:10:00,1.979514E+00,4.636730E+04,1.313795E+00,0.000000E+00,0.000000E+00,1.313795E+00,0.000000E+00,4.845424E+00,6.087966E+04,1.016899E+05,2.101325E+00,4.584116E+04,1.313795E+00,0.000000E+00,0.000000E+00,1.313795E+00,0.000000E+00,5.207938E+00,6.509517E+04,1.058753E+05,2.954233E+00,4.215686E+04,1.313795E+00,0.000000E+00,0.000000E+00,1.313795E+00,0.000000E+00,5.047505E+00,6.321495E+04,1.039038E+05
08:20:00,1.978805E+00,4.637031E+04,1.313795E+00,0.000000E+00,0.000000E+00,1.313795E+00,0.000000E+00,5.032269E+00,6.355292E+04,1.043859E+05,2.101035E+00,4.584236E+04,1.313795E+00,0.000000E+00,0.000000E+00,1.313795E+00,0.000000E+00,5.247056E+00,6.600053E+04,1.068535E+05,2.942317E+00,4.220828E+04,1.313795E+00,0.000000E+00,0.000000E+00,1.313795E+00,0.000000E+00,5.089072E+00,6.415023E+04,1.049155E+05
08:30:00,1.978218E+00,4.637281E+04,1.313795E+00,0.000000E+00,0.000000E+00,1.313795E+00,0.000000E+00,5.221767E+00,6.623370E+04,1.071387E+05,2.100765E+00,4.584349E+04,1.313795E+00,0.000000E+00,0.000000E+00,1.313795E+00,0.000000E+00,5.288053E+00,6.692756E+04,1.078398E+05,2.931443E+00,4.225521E+04,1.313795E+00,0.000000E+00,0.000000E+00,1.313795E+00,0.000000E+00,5.133244E+00,6.511567E+04,1.059443E+05
08:40:00,1.977739E+00,4.637485E+04,1.313795E+00,0.000000E+00,0.000000E+00,1.313795E+00,0.000000E+00,5.412714E+00,6.890688E+04,1.099279E+05,2.100509E+00,4.584456E+04,1.313795E+00,0.000000E+00,0.000000E+00,1.313795E+00,0.000000E+00,5.329538E+00,6.786010E+04,1.088224E+05,2.921470E+00,4.229826E+04,1.313795E+00,0.000000E+00,0.000000E+00,1.313795E+00,0.000000E+00,5.178766E+00,6.609666E+04,1.069799E+05
08:50:00,1.977347E+00,4.637652E+04,1.313795E+00,0.000000E+00,0.000000E+00,1.313795E+00,0.000000E+00,5.604290E+00,7.156187E+04,1.127287E+05,2.100263E+00,4.584560E+04,1.313795E+00,0.000000E+00,0.000000E+00,1.313795E+00,0.000000E+00,5.370908E+00,6.879100E+04,1.097972E+05,2.912320E+00,4.233778E+04,1.313795E+00,0.000000E+00,0.000000E+00,1.313795E+00,0.000000E+00,5.225143E+00,6.708728E+04,1.080193E+05
09:00:00,1.977025E+00,4.637789E+04,1.313795E+00,0.000000E+00,0.000000E+00,1.313795E+00,0.000000E+00,5.796120E+00,7.419368E+04,1.155266E+05,2.100026E+00,4.584661E+04,1.313795E+00,0.000000E+00,0.000000E+00,1.313795E+00,0.000000E+00,5.411818E+00,6.971620E+04,1.107621E+05,2.903882E+00,4.237422E+04,1.313795E+00,0.000000E+00,0.000000E+00,1.313795E+00,0.000000E+00,5.272064E+00,6.808382E+04,1.090606E+05
09:10:00,1.976741E+00,4.637911E+04,1.313795E+00,0.000000E+00,0.000000E+00,1.313795E+00,0.000000E+00,5.766954E+00,7.427077E+04,1.155018E+05,2.099794E+00,4.584760E+04,1.313795E+00,0.000000E+00,0.000000E+00,1.313795E+00,0.000000E+00,5.450947E+00,7.057324E+04,1.116537E+05,2.896063E+00,4.240799E+04,1.313795E+00,0.000000E+00,0.000000E+00,1.313795E+00,0.000000E+00,5.318273E+00,6.902456E+04,1.100412E+05
09:20:00,1.976445E+00,4.638038E+04,1.313795E+00,0.000000E+00,0.000000E+00,1.313795E+00,0.000000E+00,5.718798E+00,7.412383E+04,1.154246E+05,2.099567E+00,4.584857E+04,1.313795E+00,0.000000E+00,0.000000E+00,1.313795E+00,0.000000E+00,5.488169E+00,7.140775E+04,1.125206E+05,2.888789E+00,4.243940E+04,1.313795E+00,0.000000E+00,0.000000E+00,1.313795E+00,0.000000E+00,5.363730E+00,6.995609E+04,1.110107E+05
09:30:00,1.976117E+00,4.638178E+04,1.313795E+00,0.000000E+00,0.000000E+00,1.313795E+00,0.000000E+00,5.662055E+00,7.386946E+04,1.151805E+05,2.099343E+00,4.584953E+04,1.313795E+00,0.000000E+00,0.000000E+00,1.313795E+00,0.000000E+00,5.523347E+00,7.221813E+04,1.133605E+05,2.882000E+00,4.246873E+04,1.313795E+00,0.000000E+00,0.000000E+00,1.313795E+00,0.000000E+00,5.408312E+00,7.087698E+04,1.119669E+05
09:40:00,1.975757E+00,4.638333E+04,1.313795E+00,0.000000E+00,0.000000E+00,1.313795E+00,0.000000E+00,5.598143E+00,7.352306E+04,1.147966E+05,2.099121E+00,4.585048E+04,1.313795E+00,0.000000E+00,0.000000E+00,1.313795E+00,0.000000E+00,5.556094E+00,7.299995E+04,1.141693E+05,2.875643E+00,4.249619E+04,1.313795E+00,0.000000E+00,0.000000E+00,1.313795E+00,0.000000E+00,5.451742E+00,7.178402E+04,1.129071E+05
09:50:00,1.975369E+00,4.638501E+04,1.313795E+00,0.000000E+00,0.000000E+00,1.313795E+00,0.000000E+00,5.528049E+00,7.309540E+04,1.142985E+05,2.098901E+00,4.585143E+04,1.313795E+00,0.000000E+00,0.000000E+00,1.313795E+00,0.000000E+00,5.586254E+00,7.375143E+04,1.149459E+05,2.869636E+00,4.252214E+04,1.313795E+00,0.000000E+00,0.000000E+00,1.313795E+00,0.000000E+00,5.493763E+00,7.267430E+04,1.138289E+05
10:00:00,1.974957E+00,4.638678E+04,1.313795E+00,0.000000E+00,0.000000E+00,1.313795E+00,0.000000E+00,5.452300E+00,7.259217E+04,1.137017E+05,2.098681E+00,4.585238E+04,1.313795E+00,0.000000E+00,0.000000E+00,1.313795E+00,0.000000E+00,5.613496E+00,7.446877E+04,1.156865E+05,2.863954E+00,4.254668E+04,1.313795E+00,0.000000E+00,0.000000E+00,1.313795E+00,0.000000E+00,5.534232E+00,7.354618E+04,1.147312E+05
10:10:00,1.974544E+00,4.638856E+04,1.313795E+00,0.000000E+00,0.000000E+00,1.313795E+00,0.000000E+00,5.445498E+00,7.286692E+04,1.139705E+05,2.098462E+00,4.585332E+04,1.313795E+00,0.000000E+00,0.000000E+00,1.313795E+00,0.000000E+00,5.638165E+00,7.510903E+04,1.163472E+05,2.858577E+00,4.256991E+04,1.313795E+00,0.000000E+00,0.000000E+00,1.313795E+00,0.000000E+00,5.573397E+00,7.435560E+04,1.155683E+05
10:20:00,1.974175E+00,4.639015E+04,1.313795E+00,0.000000E+00,0.000000E+00,1.313795E+00,0.000000E+00,5.439585E+00,7.315167E+04,1.142889E+05,2.098243E+00,4.585426E+04,1.313795E+00,0.000000E+00,0.000000E+00,1.313795E+00,0.000000E+00,5.659857E+00,7.571460E+04,1.169722E+05,2.853480E+00,4.259193E+04,1.313795E+00,0.000000E+00,0.000000E+00,1.313795E+00,0.000000E+00,5.610790E+00,7.514420E+04,1.163840E+05
10:30:00,1.973869E+00,4.639148E+04,1.313795E+00,0.000000E+00,0.000000E+00,1.313795E+00,0.000000E+00,5.431388E+00,7.340931E+04,1.145648E+05,2.098025E+00,4.585520E+04,1.313795E+00,0.000000E+00,0.000000E+00,1.313795E+00,0.000000E+00,5.678324E+00,7.628262E+04,1.175582E+05,2.848678E+00,4.261267E+04,1.313795E+00,0.000000E+00,0.000000E+00,1.313795E+00,0.000000E+00,5.646259E+00,7.591022E+04,1.171763E+05
10:40:00,1.973619E+00,4.639255E+04,1.313795E+00,0.000000E+00,0.000000E+00,1.313795E+00,0.000000E+00,5.420503E+00,7.363514E+04,1.147957E+05,2.097809E+00,4.585614E+04,1.313795E+00,0.000000E+00,0.000000E+00,1.313795E+00,0.000000E+00,5.693664E+00,7.681424E+04,1.181065E+05,2.844141E+00,4.263228E+04,1.313795E+00,0.000000E+00,0.000000E+00,1.313795E+00,0.000000E+00,5.679788E+00,7.665353E+04,1.179449E+05
10:50:00,1.973416E+00,4.639343E+04,1.313795E+00,0.000000E+00,0.000000E+00,1.313795E+00,0.000000E+00,5.406842E+00,7.382808E+04,1.149841E+05,2.097593E+00,4.585707E+04,1.313795E+00,0.000000E+00,0.000000E+00,1.313795E+00,0.000000E+00,5.705937E+00,7.731018E+04,1.186175E+05,2.839834E+00,4.265088E+04,1.313795E+00,0.000000E+00,0.000000E+00,1.313795E+00,0.000000E+00,5.711538E+00,7.737600E+04,1.186916E+05
11:00:00,1.973251E+00,4.639414E+04,1.313795E+00,0.000000E+00,0.000000E+00,1.313795E+00,0.000000E+00,5.390469E+00,7.398883E+04,1.151328E+05,2.097378E+00,4.585800E+04,1.313795E+00,0.000000E+00,0.000000E+00,1.313795E+00,0.000000E+00,5.715452E+00,7.777404E+04,1.190950E+05,2.835736E+00,4.266858E+04,1.313795E+00,0.000000E+00,0.000000E+00,1.313795E+00,0.000000E+00,5.741640E+00,7.807919E+04,1.194179E+05
11:10:00,1.973099E+00,4.639480E+04,1.313795E+00,0.000000E+00,0.000000E+00,1.313795E+00,0.000000E+00,5.415341E+00,7.451599E+04,1.157036E+05,2.097162E+00,4.585893E+04,1.313795E+00,0.000000E+00,0.000000E+00,1.313795E+00,0.000000E+00,5.722196E+00,7.808790E+04,1.194173E+05,2.831794E+00,4.268561E+04,1.313795E+00,0.000000E+00,0.000000E+00,1.313795E+00,0.000000E+00,5.770119E+00,7.864561E+04,1.200028E+05
11:20:00,1.972914E+00,4.639559E+04,1.313795E+00,0.000000E+00,0.000000E+00,1.313795E+00,0.000000E+00,5.441407E+00,7.505648E+04,1.162468E+05,2.096947E+00,4.585986E+04,1.313795E+00,0.000000E+00,0.000000E+00,1.313795E+00,0.000000E+00,5.726678E+00,7.837539E+04,1.197131E+05,2.828035E+00,4.270185E+04,1.313795E+00,0.000000E+00,0.000000E+00,1.313795E+00,0.000000E+00,5.797479E+00,7.919887E+04,1.205748E+05
11:30:00,1.972678E+00,4.639661E+04,1.313795E+00,0.000000E+00,0.000000E+00,1.313795E+00,0.000000E+00,5.467175E+00,7.559269E+04,1.167954E+05,2.096731E+00,4.586079E+04,1.313795E+00,0.000000E+00,0.000000E+00,1.313795E+00,0.000000E+00,5.729604E+00,7.864465E+04,1.199898E+05,2.824409E+00,4.271752E+04,1.313795E+00,0.000000E+00,0.000000E+00,1.313795E+00,0.000000E+00,5.824300E+00,7.974565E+04,1.211400E+05
11:40:00,1.972393E+00,4.639785E+04,1.313795E+00,0.000000E+00,0.000000E+00,1.313795E+00,0.000000E+00,5.493075E+00,7.612949E+04,1.173529E+05,2.096516E+00,4.586172E+04,1.313795E+00,0.000000E+00,0.000000E+00,1.313795E+00,0.000000E+00,5.731775E+00,7.890499E+04,1.202569E+05,2.820906E+00,4.273265E+04,1.313795E+00,0.000000E+00,0.000000E+00,1.313795E+00,0.000000E+00,5.851322E+00,8.029453E+04,1.217067E+05
11:50:00,1.972066E+00,4.639926E+04,1.313795E+00,0.000000E+00,0.000000E+00,1.313795E+00,0.000000E+00,5.519829E+00,7.667519E+04,1.179251E+05,2.096300E+00,4.586265E+04,1.313795E+00,0.000000E+00,0.000000E+00,1.313795E+00,0.000000E+00,5.734210E+00,7.916820E+04,1.205261E+05,2.817530E+00,4.274723E+04,1.313795E+00,0.000000E+00,0.000000E+00,1.313795E+00,0.000000E+00,5.879457E+00,8.085608E+04,1.222858E+05
12:00:00,1.971705E+00,4.640082E+04,1.313795E+00,0.000000E+00,0.000000E+00,1.313795E+00,0.000000E+00,5.548519E+00,7.724236E+04,1.185234E+05,2.096085E+00,4.586358E+04,1.313795E+00,0.000000E+00,0.000000E+00,1.313795E+00,0.000000E+00,5.738148E+00,7.944871E+04,1.208124E+05,2.814275E+00,4.276129E+04,1.313795E+00,0.000000E+00,0.000000E+00,1.313795E+00,0.000000E+00,5.909891E+00,8.144410E+04,1.228915E+05
12:10:00,1.971336E+00,4.640241E+04,1.313795E+00,0.000000E+00,0.000000E+00,1.313795E+00,0.000000E+00,5.614039E+00,7.820014E+04,1.195630E+05,2.095871E+00,4.586451E+04,1.313795E+00,0.000000E+00,0.000000E+00,1.313795E+00,0.000000E+00,5.745486E+00,7.972167E+04,1.210912E+05,2.811171E+00,4.277470E+04,1.313795E+00,0.000000E+00,0.000000E+00,1.313795E+00,0.000000E+00,5.944428E+00,8.203256E+04,1.234976E+05
12:20:00,1.971006E+00,4.640384E+04,1.313795E+00,0.000000E+00,0.000000E+00,1.313795E+00,0.000000E+00,5.686937E+00,7.924143E+04,1.205842E+05,2.095656E+00,4.586543E+04,1.313795E+00,0.000000E+00,0.000000E+00,1.313795E+00,0.000000E+00,5.757287E+00,8.004675E+04,1.214235E+05,2.808169E+00,4.278767E+04,1.313795E+00,0.000000E+00,0.000000E+00,1.313795E+00,0.000000E+00,5.984038E+00,8.268002E+04,1.241641E+05
12:30:00,1.970736E+00,4.640500E+04,1.313795E+00,0.000000E+00,0.000000E+00,1.313795E+00,0.000000E+00,5.766112E+00,8.035253E+04,1.217088E+05,2.095441E+00,4.586636E+04,1.313795E+00,0.000000E+00,0.000000E+00,1.313795E+00,0.000000E+00,5.774158E+00,8.043116E+04,1.218171E+05,2.805260E+00,4.280024E+04,1.313795E+00,0.000000E+00,0.000000E+00,1.313795E+00,0.000000E+00,6.029247E+00,8.339263E+04,1.248976E+05
12:40:00,1.970522E+00,4.640592E+04,1.313795E+00,0.000000E+00,0.000000E+00,1.313795E+00,0.000000E+00,5.851497E+00,8.153231E+04,1.229303E+05,2.095225E+00,4.586729E+04,1.313795E+00,0.000000E+00,0.000000E+00,1.313795E+00,0.000000E+00,5.796296E+00,8.087724E+04,1.222748E+05,2.802446E+00,4.281240E+04,1.313795E+00,0.000000E+00,0.000000E+00,1.313795E+00,0.000000E+00,6.080202E+00,8.417203E+04,1.257002E+05
12:50:00,1.970358E+00,4.640664E+04,1.313795E+00,0.000000E+00,0.000000E+00,1.313795E+00,0.000000E+00,5.942576E+00,8.277420E+04,1.242337E+05,2.095010E+00,4.586822E+04,1.313795E+00,0.000000E+00,0.000000E+00,1.313795E+00,0.000000E+00,5.823461E+00,8.138200E+04,1.227940E+05,2.799724E+00,4.282415E+04,1.313795E+00,0.000000E+00,0.000000E+00,1.313795E+00,0.000000E+00,6.136635E+00,8.501489E+04,1.265689E+05
13:00:00,1.970233E+00,4.640717E+04,1.313795E+00,0.000000E+00,0.000000E+00,1.313795E+00,0.000000E+00,6.038472E+00,8.406720E+04,1.256021E+05,2.094794E+00,4.586916E+04,1.313795E+00,0.000000E+00,0.000000E+00,1.313795E+00,0.000000E+00,5.854928E+00,8.193666E+04,1.233657E+05,2.797090E+00,4.283553E+04,1.313795E+00,0.000000E+00,0.000000E+00,1.313795E+00,0.000000E+00,6.197745E+00,8.591154E+04,1.274937E+05
13:10:00,1.970148E+00,4.640754E+04,1.313795E+00,0.000000E+00,0.000000E+00,1.313795E+00,0.000000E+00,6.045692E+00,8.427167E+04,1.257712E+05,2.094578E+00,4.587009E+04,1.313795E+00,0.000000E+00,0.000000E+00,1.313795E+00,0.000000E+00,5.889275E+00,8.245383E+04,1.238994E+05,2.794519E+00,4.284664E+04,1.313795E+00,0.000000E+00,0.000000E+00,1.313795E+00,0.000000E+00,6.262135E+00,8.677491E+04,1.283845E+05
13:20:00,1.970114E+00,4.640769E+04,1.313795E+00,0.000000E+00,0.000000E+00,1.313795E+00,0.000000E+00,6.047681E+00,8.441484E+04,1.259481E+05,2.094362E+00,4.587102E+04,1.313795E+00,0.000000E+00,0.000000E+00,1.313795E+00,0.000000E+00,5.925451E+00,8.299182E+04,1.244554E+05,2.792034E+00,4.285738E+04,1.313795E+00,0.000000E+00,0.000000E+00,1.313795E+00,0.000000E+00,6.328685E+00,8.766257E+04,1.293011E+05
13:30:00,1.970129E+00,4.640762E+04,1.313795E+00,0.000000E+00,0.000000E+00,1.313795E+00,0.000000E+00,6.047962E+00,8.453686E+04,1.260830E+05,2.094149E+00,4.587194E+04,1.313795E+00,0.000000E+00,0.000000E+00,1.313795E+00,0.000000E+00,5.962542E+00,8.354003E+04,1.250224E+05,2.789632E+00,4.286775E+04,1.313795E+00,0.000000E+00,0.000000E+00,1.313795E+00,0.000000E+00,6.396365E+00,8.856259E+04,1.302306E+05
13:40:00,1.970188E+00,4.640737E+04,1.313795E+00,0.000000E+00,0.000000E+00,1.313795E+00,0.000000E+00,6.046440E+00,8.463662E+04,1.261785E+05,2.093936E+00,4.587286E+04,1.313795E+00,0.000000E+00,0.000000E+00,1.313795E+00,0.000000E+00,5.999779E+00,8.408959E+04,1.255909E+05,2.787306E+00,4.287780E+04,1.313795E+00,0.000000E+00,0.000000E+00,1.313795E+00,0.000000E+00,6.464352E+00,8.946554E+04,1.311632E+05
13:50:00,1.970285E+00,4.640695E+04,1.313795E+00,0.000000E+00,0.000000E+00,1.313795E+00,0.000000E+00,6.043045E+00,8.471327E+04,1.262392E+05,2.093725E+00,4.587377E+04,1.313795E+00,0.000000E+00,0.000000E+00,1.313795E+00,0.000000E+00,6.036509E+00,8.463298E+04,1.261531E+05,2.785052E+00,4.288754E+04,1.313795E+00,0.000000E+00,0.000000E+00,1.313795E+00,0.000000E+00,6.531924E+00,9.036315E+04,1.320903E+05
14:00:00,1.970414E+00,4.640640E+04,1.313795E+00,0.000000E+00,0.000000E+00,1.313795E+00,0.000000E+00,6.037524E+00,8.476392E+04,1.262656E+05,2.093516E+00,4.587468E+04,1.313795E+00,0.000000E+00,0.000000E+00,1.313795E+00,0.000000E+00,6.072161E+00,8.516364E+04,1.267020E+05,2.782866E+00,4.289698E+04,1.313795E+00,0.000000E+00,0.000000E+00,1.313795E+00,0.000000E+00,6.598430E+00,9.124797E+04,1.330040E+05
14:10:00,1.970564E+00,4.640575E+04,1.313795E+00,0.000000E+00,0.000000E+00,1.313795E+00,0.000000E+00,6.025754E+00,8.463084E+04,1.260943E+05,2.093309E+00,4.587557E+04,1.313795E+00,0.000000E+00,0.000000E+00,1.313795E+00,0.000000E+00,6.106016E+00,8.555558E+04,1.271082E+05,2.780749E+00,4.290612E+04,1.313795E+00,0.000000E+00,0.000000E+00,1.313795E+00,0.000000E+00,6.662983E+00,9.199211E+04,1.337728E+05
14:20:00,1.970720E+00,4.640507E+04,1.313795E+00,0.000000E+00,0.000000E+00,1.313795E+00,0.000000E+00,6.010822E+00,8.446002E+04,1.259601E+05,2.093104E+00,4.587645E+04,1.313795E+00,0.000000E+00,0.000000E+00,1.313795E+00,0.000000E+00,6.137608E+00,8.592116E+04,1.274883E+05,2.778695E+00,4.291500E+04,1.313795E+00,0.000000E+00,0.000000E+00,1.313795E+00,0.000000E+00,6.725087E+00,9.270764E+04,1.345133E+05
14:30:00,1.970874E+00,4.640441E+04,1.313795E+00,0.000000E+00,0.000000E+00,1.313795E+00,0.000000E+00,5.992668E+00,8.425026E+04,1.257616E+05,2.092902E+00,4.587733E+04,1.313795E+00,0.000000E+00,0.000000E+00,1.313795E+00,0.000000E+00,6.166630E+00,8.625690E+04,1.278381E+05,2.776698E+00,4.292362E+04,1.313795E+00,0.000000E+00,0.000000E+00,1.313795E+00,0.000000E+00,6.784385E+00,9.339054E+04,1.352205E+05
14:40:00,1.971025E+00,4.640375E+04,1.313795E+00,0.000000E+00,0.000000E+00,1.313795E+00,0.000000E+00,5.971137E+00,8.399962E+04,1.255010E+05,2.092702E+00,4.587819E+04,1.313795E+00,0.000000E+00,0.000000E+00,1.313795E+00,0.000000E+00,6.192780E+00,8.655931E+04,1.281533E+05,2.774759E+00,4.293200E+04,1.313795E+00,0.000000E+00,0.000000E+00,1.313795E+00,0.000000E+00,6.840487E+00,9.403637E+04,1.358894E+05
14:50:00,1.971175E+00,4.640311E+04,1.313795E+00,0.000000E+00,0.000000E+00,1.313795E+00,0.000000E+00,5.946069E+00,8.370613E+04,1.251820E+05,2.092504E+00,4.587905E+04,1.313795E+00,0.000000E+00,0.000000E+00,1.313795E+00,0.000000E+00,6.215821E+00,8.682572E+04,1.284311E+05,2.772875E+00,4.294014E+04,1.313795E+00,0.000000E+00,0.000000E+00,1.313795E+00,0.000000E+00,6.893069E+00,9.464146E+04,1.365159E+05
15:00:00,1.971325E+00,4.640246E+04,1.313795E+00,0.000000E+00,0.000000E+00,1.313795E+00,0.000000E+00,5.917823E+00,8.337399E+04,1.248128E+05,2.092308E+00,4.587989E+04,1.313795E+00,0.000000E+00,0.000000E+00,1.313795E+00,0.000000E+00,6.236030E+00,8.705943E+04,1.286745E+05,2.771043E+00,4.294805E+04,1.313795E+00,0.000000E+00,0.000000E+00,1.313795E+00,0.000000E+00,6.942276E+00,9.520762E+04,1.371016E+05
15:10:00,1.971474E+00,4.640182E+04,1.313795E+00,0.000000E+00,0.000000E+00,1.313795E+00,0.000000E+00,5.926415E+00,8.333227E+04,1.247778E+05,2.092116E+00,4.588073E+04,1.313795E+00,0.000000E+00,0.000000E+00,1.313795E+00,0.000000E+00,6.252863E+00,8.711280E+04,1.287313E+05,2.769266E+00,4.295573E+04,1.313795E+00,0.000000E+00,0.000000E+00,1.313795E+00,0.000000E+00,6.987533E+00,9.558691E+04,1.374943E+05
15:20:00,1.971618E+00,4.640119E+04,1.313795E+00,0.000000E+00,0.000000E+00,1.313795E+00,0.000000E+00,5.934451E+00,8.328404E+04,1.247366E+05,2.091929E+00,4.588153E+04,1.313795E+00,0.000000E+00,0.000000E+00,1.313795E+00,0.000000E+00,6.266232E+00,8.712606E+04,1.287486E+05,2.767567E+00,4.296307E+04,1.313795E+00,0.000000E+00,0.000000E+00,1.313795E+00,0.000000E+00,7.028635E+00,9.591824E+04,1.378396E+05
15:30:00,1.971755E+00,4.640060E+04,1.313795E+00,0.000000E+00,0.000000E+00,1.313795E+00,0.000000E+00,5.940050E+00,8.320750E+04,1.246649E+05,2.091747E+00,4.588232E+04,1.313795E+00,0.000000E+00,0.000000E+00,1.313795E+00,0.000000E+00,6.276127E+00,8.709910E+04,1.287247E+05,2.765939E+00,4.297010E+04,1.313795E+00,0.000000E+00,0.000000E+00,1.313795E+00,0.000000E+00,7.065515E+00,9.620088E+04,1.381350E+05
15:40:00,1.971889E+00,4.640002E+04,1.313795E+00,0.000000E+00,0.000000E+00,1.313795E+00,0.000000E+00,5.942954E+00,8.309966E+04,1.245591E+05,2.091570E+00,4.588308E+04,1.313795E+00,0.000000E+00,0.000000E+00,1.313795E+00,0.000000E+00,6.282629E+00,8.703282E+04,1.286597E+05,2.764369E+00,4.297689E+04,1.313795E+00,0.000000E+00,0.000000E+00,1.313795E+00,0.000000E+00,7.098164E+00,9.643475E+04,1.383797E+05
15:50:00,1.972021E+00,4.639945E+04,1.313795E+00,0.000000E+00,0.000000E+00,1.313795E+00,0.000000E+00,5.943098E+00,8.295970E+04,1.244185E+05,2.091395E+00,4.588384E+04,1.313795E+00,0.000000E+00,0.000000E+00,1.313795E+00,0.000000E+00,6.285871E+00,8.692877E+04,1.285550E+05,2.762852E+00,4.298344E+04,1.313795E+00,0.000000E+00,0.000000E+00,1.313795E+00,0.000000E+00,7.126638E+00,9.662050E+04,1.385742E+05
16:00:00,1.972152E+00,4.639889E+04,1.313795E+00,0.000000E+00,0.000000E+00,1.313795E+00,0.000000E+00,5.940059E+00,8.278283E+04,1.242383E+05,2.091224E+00,4.588457E+04,1.313795E+00,0.000000E+00,0.000000E+00,1.313795E+00,0.000000E+00,6.285592E+00,8.678402E+04,1.284075E+05,2.761384E+00,4.298978E+04,1.313795E+00,0.000000E+00,0.000000E+00,1.313795E+00,0.000000E+00,7.150593E+00,9.675430E+04,1.387143E+05
16:10:00,1.972277E+00,4.639835E+04,1.313795E+00,0.000000E+00,0.000000E+00,1.313795E+00,0.000000E+00,5.967799E+00,8.291861E+04,1.244145E+05,2.091058E+00,4.588529E+04,1.313795E+00,0.000000E+00,0.000000E+00,1.313795E+00,0.000000E+00,6.282792E+00,8.656302E+04,1.281812E+05,2.759977E+00,4.299586E+04,1.313795E+00,0.000000E+00,0.000000E+00,1.313795E+00,0.000000E+00,7.170965E+00,9.679981E+04,1.387635E+05
16:20:00,1.972380E+00,4.639790E+04,1.313795E+00,0.000000E+00,0.000000E+00,1.313795E+00,0.000000E+00,5.995505E+00,8.305319E+04,1.245243E+05,2.090890E+00,4.588602E+04,1.313795E+00,0.000000E+00,0.000000E+00,1.313795E+00,0.000000E+00,6.277032E+00,8.630786E+04,1.279186E+05,2.758579E+00,4.300189E+04,1.313795E+00,0.000000E+00,0.000000E+00,1.313795E+00,0.000000E+00,7.187249E+00,9.679838E+04,1.387635E+05
16:30:00,1.972452E+00,4.639759E+04,1.313795E+00,0.000000E+00,0.000000E+00,1.313795E+00,0.000000E+00,6.022847E+00,8.318225E+04,1.246494E+05,2.090721E+00,4.588675E+04,1.313795E+00,0.000000E+00,0.000000E+00,1.313795E+00,0.000000E+00,6.269685E+00,8.603431E+04,1.276398E+05,2.757195E+00,4.300787E+04,1.313795E+00,0.000000E+00,0.000000E+00,1.313795E+00,0.000000E+00,7.200786E+00,9.676536E+04,1.387337E+05
16:40:00,1.972496E+00,4.639740E+04,1.313795E+00,0.000000E+00,0.000000E+00,1.313795E+00,0.000000E+00,6.050012E+00,8.330786E+04,1.247853E+05,2.090553E+00,4.588747E+04,1.313795E+00,0.000000E+00,0.000000E+00,1.313795E+00,0.000000E+00,6.261291E+00,8.574862E+04,1.273474E+05,2.755836E+00,4.301375E+04,1.313795E+00,0.000000E+00,0.000000E+00,1.313795E+00,0.000000E+00,7.212086E+00,9.670664E+04,1.386761E+05
16:50:00,1.972516E+00,4.639731E+04,1.313795E+00,0.000000E+00,0.000000E+00,1.313795E+00,0.000000E+00,6.076064E+00,8.341921E+04,1.249154E+05,2.090387E+00,4.588819E+04,1.313795E+00,0.000000E+00,0.000000E+00,1.313795E+00,0.000000E+00,6.251100E+00,8.544218E+04,1.270317E+05,2.754504E+00,4.301950E+04,1.313795E+00,0.000000E+00,0.000000E+00,1.313795E+00,0.000000E+00,7.220353E+00,9.661311E+04,1.385806E+05
17:00:00,1.972516E+00,4.639731E+04,1.313795E+00,0.000000E+00,0.000000E+00,1.313795E+00,0.000000E+00,6.100291E+00,8.350809E+04,1.250301E+05,2.090222E+00,4.588891E+04,1.313795E+00,0.000000E+00,0.000000E+00,1.313795E+00,0.000000E+00,6.238500E+00,8.510798E+04,1.266878E+05,2.753201E+00,4.302513E+04,1.313795E+00,0.000000E+00,0.000000E+00,1.313795E+00,0.000000E+00,7.224999E+00,9.647809E+04,1.384430E+05
17:10:00,1.972500E+00,4.639738E+04,1.313795E+00,0.000000E+00,0.000000E+00,1.313795E+00,0.000000E+00,6.148998E+00,8.384443E+04,1.254317E+05,2.090058E+00,4.588961E+04,1.313795E+00,0.000000E+00,0.000000E+00,1.313795E+00,0.000000E+00,6.224075E+00,8.470571E+04,1.262755E+05,2.751926E+00,4.303064E+04,1.313795E+00,0.000000E+00,0.000000E+00,1.313795E+00,0.000000E+00,7.226564E+00,9.626073E+04,1.382221E+05
17:20:00,1.972472E+00,4.639751E+04,1.313795E+00,0.000000E+00,0.000000E+00,1.313795E+00,0.000000E+00,6.199499E+00,8.419948E+04,1.257406E+05,2.089895E+00,4.589032E+04,1.313795E+00,0.000000E+00,0.000000E+00,1.313795E+00,0.000000E+00,6.208892E+00,8.429484E+04,1.258554E+05,2.750680E+00,4.303602E+04,1.313795E+00,0.000000E+00,0.000000E+00,1.313795E+00,0.000000E+00,7.226080E+00,9.601998E+04,1.379782E+05
17:30:00,1.972433E+00,4.639767E+04,1.313795E+00,0.000000E+00,0.000000E+00,1.313795E+00,0.000000E+00,6.248949E+00,8.453898E+04,1.260687E+05,2.089734E+00,4.589101E+04,1.313795E+00,0.000000E+00,0.000000E+00,1.313795E+00,0.000000E+00,6.191439E+00,8.385774E+04,1.254074E+05,2.749461E+00,4.304128E+04,1.313795E+00,0.000000E+00,0.000000E+00,1.313795E+00,0.000000E+00,7.221968E+00,9.573757E+04,1.376905E+05
17:40:00,1.972386E+00,4.639788E+04,1.313795E+00,0.000000E+00,0.000000E+00,1.313795E+00,0.000000E+00,6.295844E+00,8.484506E+04,1.263896E+05,2.089574E+00,4.589170E+04,1.313795E+00,0.000000E+00,0.000000E+00,1.313795E+00,0.000000E+00,6.170420E+00,8.337931E+04,1.249158E+05,2.748271E+00,4.304643E+04,1.313795E+00,0.000000E+00,0.000000E+00,1.313795E+00,0.000000E+00,7.212855E+00,9.539771E+04,1.373430E+05
17:50:00,1.972332E+00,4.639811E+04,1.313795E+00,0.000000E+00,0.000000E+00,1.313795E+00,0.000000E+00,6.339353E+00,8.510780E+04,1.266843E+05,2.089416E+00,4.589239E+04,1.313795E+00,0.000000E+00,0.000000E+00,1.313795E+00,0.000000E+00,6.145191E+00,8.285209E+04,1.243738E+05,2.747107E+00,4.305146E+04,1.313795E+00,0.000000E+00,0.000000E+00,1.313795E+00,0.000000E+00,7.198049E+00,9.499241E+04,1.369286E+05
18:00:00,1.972273E+00,4.639836E+04,1.313795E+00,0.000000E+00,0.000000E+00,1.313795E+00,0.000000E+00,6.378109E+00,8.531138E+04,1.269309E+05,2.089259E+00,4.589307E+04,1.313795E+00,0.000000E+00,0.000000E+00,1.313795E+00,0.000000E+00,6.114530E+00,8.226198E+04,1.237677E+05,2.745970E+00,4.305637E+04,1.313795E+00,0.000000E+00,0.000000E+00,1.313795E+00,0.000000E+00,7.176255E+00,9.450685E+04,1.364328E+05
18:10:00,2.016635E+00,4.620669E+04,1.313795E+00,0.000000E+00,0.000000E+00,1.313795E+00,0.000000E+00,6.164870E+00,8.257348E+04,1.239429E+05,2.133546E+00,4.570171E+04,1.313795E+00,0.000000E+00,0.000000E+00,1.313795E+00,0.000000E+00,6.075083E+00,8.145248E+04,1.229356E+05,2.789308E+00,4.286907E+04,1.313795E+00,0.000000E+00,0.000000E+00,1.313795E+00,0.000000E+00,7.144039E+00,9.378395E+04,1.356937E+05
18:20:00,2.061121E+00,4.601452E+04,1.313795E+00,0.000000E+00,0.000000E+00,1.313795E+00,0.000000E+00,5.920897E+00,7.945521E+04,1.208919E+05,2.177928E+00,4.550998E+04,1.313795E+00,0.000000E+00,0.000000E+00,1.313795E+00,0.000000E+00,6.023466E+00,8.050212E+04,1.219589E+05,2.837612E+00,4.266040E+04,1.313795E+00,0.000000E+00,0.000000E+00,1.313795E+00,0.000000E+00,7.097895E+00,9.290120E+04,1.347919E+05
18:30:00,2.105881E+00,4.582129E+04,1.313795E+00,0.000000E+00,0.000000E+00,1.313795E+00,0.000000E+00,5.653440E+00,7.602272E+04,1.173952E+05,2.222549E+00,4.531738E+04,1.313795E+00,0.000000E+00,0.000000E+00,1.313795E+00,0.000000E+00,5.955432E+00,7.936183E+04,1.207848E+05,2.893666E+00,4.241856E+04,1.313795E+00,0.000000E+00,0.000000E+00,1.313795E+00,0.000000E+00,7.033483E+00,9.180889E+04,1.336746E+05
18:40:00,2.150931E+00,4.562698E+04,1.313795E+00,0.000000E+00,0.000000E+00,1.313795E+00,0.000000E+00,5.359271E+00,7.223181E+04,1.134246E+05,2.267429E+00,4.512386E+04,1.313795E+00,0.000000E+00,0.000000E+00,1.313795E+00,0.000000E+00,5.865618E+00,7.796989E+04,1.193493E+05,2.956334E+00,4.214851E+04,1.313795E+00,0.000000E+00,0.000000E+00,1.313795E+00,0.000000E+00,6.945306E+00,9.044432E+04,1.322775E+05
18:50:00,2.196201E+00,4.543184E+04,1.313795E+00,0.000000E+00,0.000000E+00,1.313795E+00,0.000000E+00,5.039371E+00,6.808660E+04,1.090150E+05,2.312502E+00,4.492965E+04,1.313795E+00,0.000000E+00,0.000000E+00,1.313795E+00,0.000000E+00,5.753554E+00,7.632045E+04,1.176519E+05,3.024104E+00,4.185664E+04,1.313795E+00,0.000000E+00,0.000000E+00,1.313795E+00,0.000000E+00,6.832813E+00,8.880099E+04,1.305994E+05
19:00:00,2.241634E+00,4.523611E+04,1.313795E+00,0.000000E+00,0.000000E+00,1.313795E+00,0.000000E+00,4.697445E+00,6.362147E+04,1.042129E+05,2.357721E+00,4.473492E+04,1.313795E+00,0.000000E+00,0.000000E+00,1.313795E+00,0.000000E+00,5.622017E+00,7.444404E+04,1.157173E+05,3.095978E+00,4.154724E+04,1.313795E+00,0.000000E+00,0.000000E+00,1.313795E+00,0.000000E+00,6.698706E+00,8.690866E+04,1.286641E+05
19:10:00,2.242768E+00,4.523181E+04,1.313795E+00,0.000000E+00,0.000000E+00,1.313795E+00,0.000000E+00,4.501950E+00,6.105931E+04,1.015263E+05,2.358614E+00,4.473175E+04,1.313795E+00,0.000000E+00,0.000000E+00,1.313795E+00,0.000000E+00,5.483328E+00,7.257296E+04,1.137849E+05,3.126899E+00,4.141490E+04,1.313795E+00,0.000000E+00,0.000000E+00,1.313795E+00,0.000000E+00,6.555428E+00,8.500067E+04,1.267104E+05
19:20:00,2.243881E+00,4.522756E+04,1.313795E+00,0.000000E+00,0.000000E+00,1.313795E+00,0.000000E+00,4.319228E+00,5.863017E+04,9.900143E+04,2.359512E+00,4.472853E+04,1.313795E+00,0.000000E+00,0.000000E+00,1.313795E+00,0.000000E+00,5.347279E+00,7.072438E+04,1.118551E+05,3.155945E+00,4.129062E+04,1.313795E+00,0.000000E+00,0.000000E+00,1.313795E+00,0.000000E+00,6.413006E+00,8.309612E+04,1.247388E+05
19:30:00,2.244808E+00,4.522399E+04,1.313795E+00,0.000000E+00,0.000000E+00,1.313795E+00,0.000000E+00,4.149897E+00,5.634263E+04,9.658391E+04,2.360259E+00,4.472578E+04,1.313795E+00,0.000000E+00,0.000000E+00,1.313795E+00,0.000000E+00,5.221532E+00,6.898917E+04,1.100235E+05,3.179986E+00,4.118763E+04,1.313795E+00,0.000000E+00,0.000000E+00,1.313795E+00,0.000000E+00,6.279274E+00,8.128655E+04,1.228448E+05
19:40:00,2.245522E+00,4.522116E+04,1.313795E+00,0.000000E+00,0.000000E+00,1.313795E+00,0.000000E+00,4.000869E+00,5.428560E+04,9.438699E+04,2.360831E+00,4.472360E+04,1.313795E+00,0.000000E+00,0.000000E+00,1.313795E+00,0.000000E+00,5.114245E+00,6.746693E+04,1.084094E+05,3.199879E+00,4.110220E+04,1.313795E+00,0.000000E+00,0.000000E+00,1.313795E+00,0.000000E+00,6.162594E+00,7.967198E+04,1.211472E+05
19:50:00,2.246083E+00,4.521891E+04,1.313795E+00,0.000000E+00,0.000000E+00,1.313795E+00,0.000000E+00,3.874605E+00,5.249483E+04,9.246451E+04,2.361285E+00,4.472183E+04,1.313795E+00,0.000000E+00,0.000000E+00,1.313795E+00,0.000000E+00,5.028705E+00,6.619970E+04,1.070673E+05,3.216899E+00,4.102899E+04,1.313795E+00,0.000000E+00,0.000000E+00,1.313795E+00,0.000000E+00,6.066412E+00,7.829500E+04,1.197008E+05
20:00:00,2.246542E+00,4.521705E+04,1.313795E+00,0.000000E+00,0.000000E+00,1.313795E+00,0.000000E+00,3.770704E+00,5.096990E+04,9.082610E+04,2.361667E+00,4.472032E+04,1.313795E+00,0.000000E+00,0.000000E+00,1.313795E+00,0.000000E+00,4.965000E+00,6.519042E+04,1.060062E+05,3.231846E+00,4.096462E+04,1.313795E+00,0.000000E+00,0.000000E+00,1.313795E+00,0.000000E+00,5.990981E+00,7.715996E+04,1.185157E+05
20:10:00,2.246929E+00,4.521547E+04,1.313795E+00,0.000000E+00,0.000000E+00,1.313795E+00,0.000000E+00,3.709916E+00,5.001882E+04,8.982950E+04,2.362001E+00,4.471896E+04,1.313795E+00,0.000000E+00,0.000000E+00,1.313795E+00,0.000000E+00,4.914780E+00,6.438720E+04,1.051661E+05,3.245155E+00,4.090726E+04,1.313795E+00,0.000000E+00,0.000000E+00,1.313795E+00,0.000000E+00,5.927938E+00,7.621608E+04,1.175341E+05
20:20:00,2.247263E+00,4.521409E+04,1.313795E+00,0.000000E+00,0.000000E+00,1.313795E+00,0.000000E+00,3.659187E+00,4.918910E+04,8.896130E+04,2.362303E+00,4.471772E+04,1.313795E+00,0.000000E+00,0.000000E+00,1.313795E+00,0.000000E+00,4.871989E+00,6.367126E+04,1.044187E+05,3.257110E+00,4.085570E+04,1.313795E+00,0.000000E+00,0.000000E+00,1.313795E+00,0.000000E+00,5.871167E+00,7.534487E+04,1.166292E+05
20:30:00,2.247557E+00,4.521285E+04,1.313795E+00,0.000000E+00,0.000000E+00,1.313795E+00,0.000000E+00,3.614643E+00,4.843383E+04,8.817007E+04,2.362584E+00,4.471655E+04,1.313795E+00,0.000000E+00,0.000000E+00,1.313795E+00,0.000000E+00,4.834098E+00,6.301285E+04,1.037320E+05,3.267926E+00,4.080904E+04,1.313795E+00,0.000000E+00,0.000000E+00,1.313795E+00,0.000000E+00,5.818147E+00,7.451700E+04,1.157698E+05
20:40:00,2.247821E+00,4.521175E+04,1.313795E+00,0.000000E+00,0.000000E+00,1.313795E+00,0.000000E+00,3.574627E+00,4.773305E+04,8.743473E+04,2.362847E+00,4.471544E+04,1.313795E+00,0.000000E+00,0.000000E+00,1.313795E+00,0.000000E+00,4.799726E+00,6.239570E+04,1.030886E+05,3.277732E+00,4.076672E+04,1.313795E+00,0.000000E+00,0.000000E+00,1.313795E+00,0.000000E+00,5.767529E+00,7.371679E+04,1.149393E+05
20:50:00,2.248061E+00,4.521073E+04,1.313795E+00,0.000000E+00,0.000000E+00,1.313795E+00,0.000000E+00,3.538070E+00,4.707387E+04,8.674189E+04,2.363099E+00,4.471437E+04,1.313795E+00,0.000000E+00,0.000000E+00,1.313795E+00,0.000000E+00,4.767994E+00,6.180949E+04,1.024777E+05,3.286677E+00,4.072812E+04,1.313795E+00,0.000000E+00,0.000000E+00,1.313795E+00,0.000000E+00,5.718490E+00,7.293469E+04,1.141275E+05
21:00:00,2.248282E+00,4.520979E+04,1.313795E+00,0.000000E+00,0.000000E+00,1.313795E+00,0.000000E+00,3.504273E+00,4.644787E+04,8.608295E+04,2.363342E+00,4.471334E+04,1.313795E+00,0.000000E+00,0.000000E+00,1.313795E+00,0.000000E+00,4.738340E+00,6.124764E+04,1.018923E+05,3.294884E+00,4.069269E+04,1.313795E+00,0.000000E+00,0.000000E+00,1.313795E+00,0.000000E+00,5.670540E+00,7.216499E+04,1.133287E+05
21:10:00,2.248487E+00,4.520891E+04,1.313795E+00,0.000000E+00,0.000000E+00,1.313795E+00,0.000000E+00,3.458020E+00,4.566984E+04,8.524181E+04,2.363578E+00,4.471233E+04,1.313795E+00,0.000000E+00,0.000000E+00,1.313795E+00,0.000000E+00,4.710201E+00,6.070351E+04,1.013253E+05,3.302450E+00,4.066002E+04,1.313795E+00,0.000000E+00,0.000000E+00,1.313795E+00,0.000000E+00,5.623193E+00,7.140201E+04,1.125365E+05
21:20:00,2.248681E+00,4.520809E+04,1.313795E+00,0.000000E+00,0.000000E+00,1.313795E+00,0.000000E+00,3.412441E+00,4.489843E+04,8.442862E+04,2.363809E+00,4.471134E+04,1.313795E+00,0.000000E+00,0.000000E+00,1.313795E+00,0.000000E+00,4.683311E+00,6.017395E+04,1.007733E+05,3.309454E+00,4.062979E+04,1.313795E+00,0.000000E+00,0.000000E+00,1.313795E+00,0.000000E+00,5.576273E+00,7.064372E+04,1.117490E+05
21:30:00,2.248864E+00,4.520730E+04,1.313795E+00,0.000000E+00,0.000000E+00,1.313795E+00,0.000000E+00,3.367950E+00,4.413856E+04,8.362135E+04,2.364036E+00,4.471036E+04,1.313795E+00,0.000000E+00,0.000000E+00,1.313795E+00,0.000000E+00,4.657489E+00,5.965686E+04,1.002342E+05,3.315962E+00,4.060169E+04,1.313795E+00,0.000000E+00,0.000000E+00,1.313795E+00,0.000000E+00,5.529699E+00,6.988915E+04,1.109650E+05
21:40:00,2.249040E+00,4.520654E+04,1.313795E+00,0.000000E+00,0.000000E+00,1.313795E+00,0.000000E+00,3.324486E+00,4.338948E+04,8.281965E+04,2.364261E+00,4.470939E+04,1.313795E+00,0.000000E+00,0.000000E+00,1.313795E+00,0.000000E+00,4.632603E+00,5.915068E+04,9.970645E+04,3.322070E+00,4.057532E+04,1.313795E+00,0.000000E+00,0.000000E+00,1.313795E+00,0.000000E+00,5.483441E+00,6.913795E+04,1.101842E+05
21:50:00,2.249209E+00,4.520582E+04,1.313795E+00,0.000000E+00,0.000000E+00,1.313795E+00,0.000000E+00,3.281999E+00,4.265062E+04,8.202405E+04,2.364484E+00,4.470843E+04,1.313795E+00,0.000000E+00,0.000000E+00,1.313795E+00,0.000000E+00,4.608550E+00,5.865422E+04,9.918873E+04,3.327811E+00,4.055053E+04,1.313795E+00,0.000000E+00,0.000000E+00,1.313795E+00,0.000000E+00,5.437500E+00,6.839014E+04,1.094067E+05
22:00:00,2.249372E+00,4.520511E+04,1.313795E+00,0.000000E+00,0.000000E+00,1.313795E+00,0.000000E+00,3.240476E+00,4.192181E+04,8.123542E+04,2.364706E+00,4.470748E+04,1.313795E+00,0.000000E+00,0.000000E+00,1.313795E+00,0.000000E+00,4.585250E+00,5.816653E+04,9.868013E+04,3.333213E+00,4.052721E+04,1.313795E+00,0.000000E+00,0.000000E+00,1.313795E+00,0.000000E+00,5.391896E+00,6.764593E+04,1.086327E+05
22:10:00,2.249530E+00,4.520443E+04,1.313795E+00,0.000000E+00,0.000000E+00,1.313795E+00,0.000000E+00,3.128034E+00,4.038578E+04,7.945028E+04,2.364924E+00,4.470654E+04,1.313795E+00,0.000000E+00,0.000000E+00,1.313795E+00,0.000000E+00,4.475326E+00,5.671638E+04,9.701222E+04,3.338267E+00,4.050539E+04,1.313795E+00,0.000000E+00,0.000000E+00,1.313795E+00,0.000000E+00,5.259005E+00,6.594455E+04,1.067079E+05
22:20:00,2.249682E+00,4.520378E+04,1.313795E+00,0.000000E+00,0.000000E+00,1.313795E+00,0.000000E+00,3.014639E+00,3.881618E+04,7.755761E+04,2.365140E+00,4.470560E+04,1.313795E+00,0.000000E+00,0.000000E+00,1.313795E+00,0.000000E+00,4.362850E+00,5.522685E+04,9.518915E+04,3.343012E+00,4.048490E+04,1.313795E+00,0.000000E+00,0.000000E+00,1.313795E+00,0.000000E+00,5.122782E+00,6.419614E+04,1.045758E+05
22:30:00,2.249829E+00,4.520314E+04,1.313795E+00,0.000000E+00,0.000000E+00,1.313795E+00,0.000000E+00,2.900886E+00,3.721771E+04,7.563269E+04,2.365354E+00,4.470468E+04,1.313795E+00,0.000000E+00,0.000000E+00,1.313795E+00,0.000000E+00,4.249459E+00,5.371536E+04,9.334105E+04,3.347490E+00,4.046556E+04,1.313795E+00,0.000000E+00,0.000000E+00,1.313795E+00,0.000000E+00,4.984503E+00,6.241354E+04,1.024240E+05
22:40:00,2.249973E+00,4.520252E+04,1.313795E+00,0.000000E+00,0.000000E+00,1.313795E+00,0.000000E+00,2.786884E+00,3.559069E+04,7.323699E+04,2.365567E+00,4.470376E+04,1.313795E+00,0.000000E+00,0.000000E+00,1.313795E+00,0.000000E+00,4.135419E+00,5.218478E+04,9.105749E+04,3.351727E+00,4.044727E+04,1.313795E+00,0.000000E+00,0.000000E+00,1.313795E+00,0.000000E+00,4.844305E+00,6.059781E+04,9.984360E+04
22:50:00,2.250113E+00,4.520192E+04,1.313795E+00,0.000000E+00,0.000000E+00,1.313795E+00,0.000000E+00,2.672702E+00,3.393489E+04,7.078746E+04,2.365778E+00,4.470285E+04,1.313795E+00,0.000000E+00,0.000000E+00,1.313795E+00,0.000000E+00,4.020960E+00,5.063737E+04,8.874599E+04,3.355748E+00,4.042991E+04,1.313795E+00,0.000000E+00,0.000000E+00,1.313795E+00,0.000000E+00,4.702541E+00,5.875218E+04,9.723101E+04
23:00:00,2.250250E+00,4.520133E+04,1.313795E+00,0.000000E+00,0.000000E+00,1.313795E+00,0.000000E+00,2.558331E+00,3.224914E+04,6.831650E+04,2.365989E+00,4.470194E+04,1.313795E+00,0.000000E+00,0.000000E+00,1.313795E+00,0.000000E+00,3.906243E+00,4.907465E+04,8.643908E+04,3.359571E+00,4.041340E+04,1.313795E+00,0.000000E+00,0.000000E+00,1.313795E+00,0.000000E+00,4.559526E+00,5.687948E+04,9.461510E+04
23:10:00,2.250386E+00,4.520074E+04,1.313795E+00,0.000000E+00,0.000000E+00,1.313795E+00,0.000000E+00,2.530175E+00,3.171400E+04,6.719798E+04,2.366200E+00,4.470103E+04,1.313795E+00,0.000000E+00,0.000000E+00,1.313795E+00,0.000000E+00,3.878633E+00,4.857687E+04,8.534785E+04,3.363255E+00,4.039750E+04,1.313795E+00,0.000000E+00,0.000000E+00,1.313795E+00,0.000000E+00,4.503167E+00,5.604684E+04,9.317497E+04
23:20:00,2.250520E+00,4.520016E+04,1.313795E+00,0.000000E+00,0.000000E+00,1.313795E+00,0.000000E+00,2.504744E+00,3.121364E+04,6.612680E+04,2.366411E+00,4.470012E+04,1.313795E+00,0.000000E+00,0.000000E+00,1.313795E+00,0.000000E+00,3.854013E+00,4.811475E+04,8.430984E+04,3.366804E+00,4.038218E+04,1.313795E+00,0.000000E+00,0.000000E+00,1.313795E+00,0.000000E+00,4.449763E+00,5.524820E+04,9.178735E+04
23:30:00,2.250652E+00,4.519960E+04,1.313795E+00,0.000000E+00,0.000000E+00,1.313795E+00,0.000000E+00,2.480727E+00,3.073119E+04,6.508340E+04,2.366621E+00,4.469921E+04,1.313795E+00,0.000000E+00,0.000000E+00,1.313795E+00,0.000000E+00,3.830710E+00,4.766854E+04,8.330135E+04,3.370215E+00,4.036745E+04,1.313795E+00,0.000000E+00,0.000000E+00,1.313795E+00,0.000000E+00,4.398232E+00,5.447129E+04,9.043559E+04
23:40:00,2.250782E+00,4.519903E+04,1.313795E+00,0.000000E+00,0.000000E+00,1.313795E+00,0.000000E+00,2.457833E+00,3.026274E+04,6.406311E+04,2.366831E+00,4.469831E+04,1.313795E+00,0.000000E+00,0.000000E+00,1.313795E+00,0.000000E+00,3.808399E+00,4.723412E+04,8.231617E+04,3.373496E+00,4.035328E+04,1.313795E+00,0.000000E+00,0.000000E+00,1.313795E+00,0.000000E+00,4.348535E+00,5.371546E+04,8.911661E+04
23:50:00,2.250910E+00,4.519848E+04,1.313795E+00,0.000000E+00,0.000000E+00,1.313795E+00,0.000000E+00,2.435836E+00,2.980539E+04,6.306226E+04,2.367041E+00,4.469740E+04,1.313795E+00,0.000000E+00,0.000000E+00,1.313795E+00,0.000000E+00,3.786802E+00,4.680810E+04,8.134914E+04,3.376654E+00,4.033965E+04,1.313795E+00,0.000000E+00,0.000000E+00,1.313795E+00,0.000000E+00,4.300414E+00,5.297766E+04,8.782546E+04
24:00:00,2.251036E+00,4.519794E+04,1.313795E+00,0.000000E+00,0.000000E+00,1.313795E+00,0.000000E+00,2.414585E+00,2.935716E+04,6.207823E+04,2.367250E+00,4.469650E+04,1.313795E+00,0.000000E+00,0.000000E+00,1.313795E+00,0.000000E+00,3.765708E+00,4.638796E+04,8.039623E+04,3.379694E+00,4.032652E+04,1.313795E+00,0.000000E+00,0.000000E+00,1.313795E+00,0.000000E+00,4.253615E+00,5.225490E+04,8.655752E+04
Coinc Peak   ,2.254545E+00,6.378109E+00,4.518280E+04,9.825980E+04,2.373941E+00,6.285871E+00,4.466763E+04,9.488319E+04,3.443236E+00,7.226564E+00,4.004949E+04,1.050118E+05
NonCoinc Peak,2.254545E+00,7.511798E+00,4.518280E+04,9.825980E+04,2.373941E+00,7.263734E+00,4.466763E+04,9.488319E+04,3.443859E+00,8.145039E+00,4.004949E+04,1.050118E+05
